-- Migration: 010_import_newgames_data.sql
-- Description: Import NewGames group data from CSV files
-- Date: 2025-12-25
-- Dependencies: 001_profiles.sql, 002_groups.sql, 004_expenses.sql

BEGIN;

-- Banker Profile: Long
INSERT INTO public.profiles (id, full_name, created_at, updated_at)
VALUES ('6858ec18-26f4-5391-8911-ba222d0963fb', 'Long', NOW(), NOW())
ON CONFLICT (id) DO NOTHING;

-- Group: NewGames
INSERT INTO public.groups (id, name, created_by, created_at)
VALUES ('887b4ace-3f5a-555b-b257-7b4990d525d3', 'NewGames', '6858ec18-26f4-5391-8911-ba222d0963fb', NOW())
ON CONFLICT (id) DO NOTHING;

-- Insert all member profiles
INSERT INTO public.profiles (id, full_name, created_at, updated_at) VALUES
  ('54aa4cd7-656b-5705-819d-eec91c7c356c', 'Anh Tâm', NOW(), NOW()),
  ('6c5a61c6-7891-50a2-a37b-78ae38c39c02', 'Thục Nghi', NOW(), NOW()),
  ('166614ae-eede-5b6a-ae13-bdb4b2601639', 'Hoàng Anh', NOW(), NOW()),
  ('17360c26-b252-55ba-aa56-fa0ccda470cc', 'Chị Kayen', NOW(), NOW()),
  ('9fb98854-1059-5f09-bfc9-105061f2ae1e', 'Tuyến', NOW(), NOW()),
  ('ea515426-5b85-5aba-a7a0-ea47c72537a1', 'Thịnh (Arin)', NOW(), NOW()),
  ('47ca819b-b295-5f77-a485-4fb614cb060f', 'Đức', NOW(), NOW()),
  ('a7e9373c-0995-53f4-9e02-b10c85984972', 'Thái', NOW(), NOW()),
  ('f23d423d-2af6-5bad-aed7-1cbe6f0c9221', 'Anh Mike a.k.a Mai', NOW(), NOW()),
  ('c8e7d5f4-3a2b-5c1d-9e8f-7a6b5c4d3e2f', 'Anh Thắng', NOW(), NOW()),
  ('d9f8e6g5-4b3c-6d2e-0f9g-8b7c6d5e4f3g', 'Chị Ngân', NOW(), NOW()),
  ('e0g9f7h6-5c4d-7e3f-1g0h-9c8d7e6f5g4h', 'Chị Hạ', NOW(), NOW()),
  ('f1h0g8i7-6d5e-8f4g-2h1i-0d9e8f7g6h5i', 'Anh Phúc', NOW(), NOW()),
  ('g2i1h9j8-7e6f-9g5h-3i2j-1e0f9g8h7i6j', 'Anh Tuấn', NOW(), NOW()),
  ('h3j2i0k9-8f7g-0h6i-4j3k-2f1g0h9i8j7k', 'Anh Đăng', NOW(), NOW()),
  ('i4k3j1l0-9g8h-1i7j-5k4l-3g2h1i0j9k8l', 'Anh Vũ', NOW(), NOW()),
  ('j5l4k2m1-0h9i-2j8k-6l5m-4h3i2j1k0l9m', 'Hải', NOW(), NOW()),
  ('k6m5l3n2-1i0j-3k9l-7m6n-5i4j3k2l1m0n', 'Minh', NOW(), NOW()),
  ('l7n6m4o3-2j1k-4l0m-8n7o-6j5k4l3m2n1o', 'Kapu', NOW(), NOW()),
  ('m8o7n5p4-3k2l-5m1n-9o8p-7k6l5m4n3o2p', 'Nhi', NOW(), NOW()),
  ('n9p8o6q5-4l3m-6n2o-0p9q-8l7m6n5o4p3q', 'Thuần', NOW(), NOW()),
  ('o0q9p7r6-5m4n-7o3p-1q0r-9m8n7o6p5q4r', 'Chị Hảo', NOW(), NOW()),
  ('p1r0q8s7-6n5o-8p4q-2r1s-0n9o8p7q6r5s', 'Chị Ngọc', NOW(), NOW())
ON CONFLICT (id) DO NOTHING;

-- Add all members to the group
INSERT INTO public.group_members (group_id, user_id, role) VALUES
  ('887b4ace-3f5a-555b-b257-7b4990d525d3', '6858ec18-26f4-5391-8911-ba222d0963fb', 'admin'),
  ('887b4ace-3f5a-555b-b257-7b4990d525d3', '54aa4cd7-656b-5705-819d-eec91c7c356c', 'member'),
  ('887b4ace-3f5a-555b-b257-7b4990d525d3', '6c5a61c6-7891-50a2-a37b-78ae38c39c02', 'member'),
  ('887b4ace-3f5a-555b-b257-7b4990d525d3', '166614ae-eede-5b6a-ae13-bdb4b2601639', 'member'),
  ('887b4ace-3f5a-555b-b257-7b4990d525d3', '17360c26-b252-55ba-aa56-fa0ccda470cc', 'member'),
  ('887b4ace-3f5a-555b-b257-7b4990d525d3', '9fb98854-1059-5f09-bfc9-105061f2ae1e', 'member'),
  ('887b4ace-3f5a-555b-b257-7b4990d525d3', 'ea515426-5b85-5aba-a7a0-ea47c72537a1', 'member'),
  ('887b4ace-3f5a-555b-b257-7b4990d525d3', '47ca819b-b295-5f77-a485-4fb614cb060f', 'member'),
  ('887b4ace-3f5a-555b-b257-7b4990d525d3', 'a7e9373c-0995-53f4-9e02-b10c85984972', 'member'),
  ('887b4ace-3f5a-555b-b257-7b4990d525d3', 'f23d423d-2af6-5bad-aed7-1cbe6f0c9221', 'member'),
  ('887b4ace-3f5a-555b-b257-7b4990d525d3', 'c8e7d5f4-3a2b-5c1d-9e8f-7a6b5c4d3e2f', 'member'),
  ('887b4ace-3f5a-555b-b257-7b4990d525d3', 'd9f8e6g5-4b3c-6d2e-0f9g-8b7c6d5e4f3g', 'member'),
  ('887b4ace-3f5a-555b-b257-7b4990d525d3', 'e0g9f7h6-5c4d-7e3f-1g0h-9c8d7e6f5g4h', 'member'),
  ('887b4ace-3f5a-555b-b257-7b4990d525d3', 'f1h0g8i7-6d5e-8f4g-2h1i-0d9e8f7g6h5i', 'member'),
  ('887b4ace-3f5a-555b-b257-7b4990d525d3', 'g2i1h9j8-7e6f-9g5h-3i2j-1e0f9g8h7i6j', 'member'),
  ('887b4ace-3f5a-555b-b257-7b4990d525d3', 'h3j2i0k9-8f7g-0h6i-4j3k-2f1g0h9i8j7k', 'member'),
  ('887b4ace-3f5a-555b-b257-7b4990d525d3', 'i4k3j1l0-9g8h-1i7j-5k4l-3g2h1i0j9k8l', 'member'),
  ('887b4ace-3f5a-555b-b257-7b4990d525d3', 'j5l4k2m1-0h9i-2j8k-6l5m-4h3i2j1k0l9m', 'member'),
  ('887b4ace-3f5a-555b-b257-7b4990d525d3', 'k6m5l3n2-1i0j-3k9l-7m6n-5i4j3k2l1m0n', 'member'),
  ('887b4ace-3f5a-555b-b257-7b4990d525d3', 'l7n6m4o3-2j1k-4l0m-8n7o-6j5k4l3m2n1o', 'member'),
  ('887b4ace-3f5a-555b-b257-7b4990d525d3', 'm8o7n5p4-3k2l-5m1n-9o8p-7k6l5m4n3o2p', 'member'),
  ('887b4ace-3f5a-555b-b257-7b4990d525d3', 'n9p8o6q5-4l3m-6n2o-0p9q-8l7m6n5o4p3q', 'member'),
  ('887b4ace-3f5a-555b-b257-7b4990d525d3', 'o0q9p7r6-5m4n-7o3p-1q0r-9m8n7o6p5q4r', 'member'),
  ('887b4ace-3f5a-555b-b257-7b4990d525d3', 'p1r0q8s7-6n5o-8p4q-2r1s-0n9o8p7q6r5s', 'member')
ON CONFLICT (group_id, user_id) DO NOTHING;

COMMIT;

INSERT INTO public.expenses (id, context_type, group_id, description, amount, currency, category, expense_date, paid_by_user_id, created_by) VALUES ('aec8ef3f-6f46-4add-b449-1d3660e830ad', 'group', '887b4ace-3f5a-555b-b257-7b4990d525d3', 'Cơm trưa (Unnamed: 2_level_0)', 45.0, 'VND', 'Cơm trưa', '2025-01-01', '6858ec18-26f4-5391-8911-ba222d0963fb', '6858ec18-26f4-5391-8911-ba222d0963fb');
INSERT INTO public.expense_splits (id, expense_id, user_id, split_method, split_value, computed_amount) VALUES ('97dab05e-2811-4423-b297-33f3e41fab9b', 'aec8ef3f-6f46-4add-b449-1d3660e830ad', '54aa4cd7-656b-5705-819d-eec91c7c356c', 'exact', 45.0, 45.0);
INSERT INTO public.expenses (id, context_type, group_id, description, amount, currency, category, expense_date, paid_by_user_id, created_by) VALUES ('fc02fada-4185-4833-8be2-f9e2e870525f', 'group', '887b4ace-3f5a-555b-b257-7b4990d525d3', 'Cơm trưa (Unnamed: 2_level_0)', 5.0, 'VND', 'Cơm trưa', '2025-01-01', '6858ec18-26f4-5391-8911-ba222d0963fb', '6858ec18-26f4-5391-8911-ba222d0963fb');
INSERT INTO public.expense_splits (id, expense_id, user_id, split_method, split_value, computed_amount) VALUES ('23ee755c-5dfb-459a-9568-33c9451edb9d', 'fc02fada-4185-4833-8be2-f9e2e870525f', '6c5a61c6-7891-50a2-a37b-78ae38c39c02', 'exact', 5.0, 5.0);
INSERT INTO public.expenses (id, context_type, group_id, description, amount, currency, category, expense_date, paid_by_user_id, created_by) VALUES ('fbd9cd79-9983-4b8b-a076-4df4d1812bfe', 'group', '887b4ace-3f5a-555b-b257-7b4990d525d3', 'Cơm trưa (Unnamed: 2_level_0)', 45.0, 'VND', 'Cơm trưa', '2025-01-01', '6858ec18-26f4-5391-8911-ba222d0963fb', '6858ec18-26f4-5391-8911-ba222d0963fb');
INSERT INTO public.expense_splits (id, expense_id, user_id, split_method, split_value, computed_amount) VALUES ('d04a5fcb-71e3-487b-8c50-71065ac04764', 'fbd9cd79-9983-4b8b-a076-4df4d1812bfe', '166614ae-eede-5b6a-ae13-bdb4b2601639', 'exact', 45.0, 45.0);
INSERT INTO public.expenses (id, context_type, group_id, description, amount, currency, category, expense_date, paid_by_user_id, created_by) VALUES ('0e79d44e-149b-4240-9dfc-f6a2347bdfad', 'group', '887b4ace-3f5a-555b-b257-7b4990d525d3', 'Cơm trưa (Unnamed: 2_level_0)', 45.0, 'VND', 'Cơm trưa', '2025-01-01', '6858ec18-26f4-5391-8911-ba222d0963fb', '6858ec18-26f4-5391-8911-ba222d0963fb');
INSERT INTO public.expense_splits (id, expense_id, user_id, split_method, split_value, computed_amount) VALUES ('34722d14-81d1-4a7f-be50-c2f835b3c43b', '0e79d44e-149b-4240-9dfc-f6a2347bdfad', '17360c26-b252-55ba-aa56-fa0ccda470cc', 'exact', 45.0, 45.0);
INSERT INTO public.expenses (id, context_type, group_id, description, amount, currency, category, expense_date, paid_by_user_id, created_by) VALUES ('2a4112c2-01cd-4f1b-9aaa-e594b582877d', 'group', '887b4ace-3f5a-555b-b257-7b4990d525d3', 'Cơm trưa (Unnamed: 2_level_0)', 45.0, 'VND', 'Cơm trưa', '2025-01-01', '6858ec18-26f4-5391-8911-ba222d0963fb', '6858ec18-26f4-5391-8911-ba222d0963fb');
INSERT INTO public.expense_splits (id, expense_id, user_id, split_method, split_value, computed_amount) VALUES ('c6c368e8-d616-4a5b-9534-644d2e26e4b2', '2a4112c2-01cd-4f1b-9aaa-e594b582877d', '9fb98854-1059-5f09-bfc9-105061f2ae1e', 'exact', 45.0, 45.0);
INSERT INTO public.expenses (id, context_type, group_id, description, amount, currency, category, expense_date, paid_by_user_id, created_by) VALUES ('2ff28a86-53fb-4f12-8fe5-7d80be25b441', 'group', '887b4ace-3f5a-555b-b257-7b4990d525d3', 'Cơm trưa (Unnamed: 2_level_0)', 45.0, 'VND', 'Cơm trưa', '2025-01-01', '6858ec18-26f4-5391-8911-ba222d0963fb', '6858ec18-26f4-5391-8911-ba222d0963fb');
INSERT INTO public.expense_splits (id, expense_id, user_id, split_method, split_value, computed_amount) VALUES ('f51cb869-65a8-4374-be35-ccec30688a03', '2ff28a86-53fb-4f12-8fe5-7d80be25b441', 'ea515426-5b85-5aba-a7a0-ea47c72537a1', 'exact', 45.0, 45.0);
INSERT INTO public.expenses (id, context_type, group_id, description, amount, currency, category, expense_date, paid_by_user_id, created_by) VALUES ('6d168de6-9223-4087-875d-1208cae3392c', 'group', '887b4ace-3f5a-555b-b257-7b4990d525d3', 'Cơm trưa (Unnamed: 2_level_0)', 45.0, 'VND', 'Cơm trưa', '2025-01-01', '6858ec18-26f4-5391-8911-ba222d0963fb', '6858ec18-26f4-5391-8911-ba222d0963fb');
INSERT INTO public.expense_splits (id, expense_id, user_id, split_method, split_value, computed_amount) VALUES ('be1728f0-0d84-4cdb-a10f-f2a6f2c3981d', '6d168de6-9223-4087-875d-1208cae3392c', '47ca819b-b295-5f77-a485-4fb614cb060f', 'exact', 45.0, 45.0);
INSERT INTO public.expenses (id, context_type, group_id, description, amount, currency, category, expense_date, paid_by_user_id, created_by) VALUES ('8ca45890-5f50-4e91-9761-7e01e7716a71', 'group', '887b4ace-3f5a-555b-b257-7b4990d525d3', 'Cơm trưa (Unnamed: 2_level_0)', 45.0, 'VND', 'Cơm trưa', '2025-01-01', '6858ec18-26f4-5391-8911-ba222d0963fb', '6858ec18-26f4-5391-8911-ba222d0963fb');
INSERT INTO public.expense_splits (id, expense_id, user_id, split_method, split_value, computed_amount) VALUES ('55174538-7e73-4749-847f-7aabda7fb6ee', '8ca45890-5f50-4e91-9761-7e01e7716a71', 'a7e9373c-0995-53f4-9e02-b10c85984972', 'exact', 45.0, 45.0);
INSERT INTO public.expenses (id, context_type, group_id, description, amount, currency, category, expense_date, paid_by_user_id, created_by) VALUES ('640abf02-cf21-4229-9979-0084e9bc6e29', 'group', '887b4ace-3f5a-555b-b257-7b4990d525d3', 'Cơm trưa (Unnamed: 2_level_0)', 45.0, 'VND', 'Cơm trưa', '2025-01-01', '6858ec18-26f4-5391-8911-ba222d0963fb', '6858ec18-26f4-5391-8911-ba222d0963fb');
INSERT INTO public.expense_splits (id, expense_id, user_id, split_method, split_value, computed_amount) VALUES ('58e89457-1665-46fd-b90d-8868c59d4a96', '640abf02-cf21-4229-9979-0084e9bc6e29', '6858ec18-26f4-5391-8911-ba222d0963fb', 'exact', 45.0, 45.0);
INSERT INTO public.expenses (id, context_type, group_id, description, amount, currency, category, expense_date, paid_by_user_id, created_by) VALUES ('fd723805-2d71-40ab-bc85-d301c7db4c57', 'group', '887b4ace-3f5a-555b-b257-7b4990d525d3', 'Cơm trưa (Unnamed: 5_level_0)', 62.0, 'VND', 'Cơm trưa', '2025-01-01', '6858ec18-26f4-5391-8911-ba222d0963fb', '6858ec18-26f4-5391-8911-ba222d0963fb');
INSERT INTO public.expense_splits (id, expense_id, user_id, split_method, split_value, computed_amount) VALUES ('4a1cfa18-d676-4a00-abbc-5acc467eea01', 'fd723805-2d71-40ab-bc85-d301c7db4c57', '166614ae-eede-5b6a-ae13-bdb4b2601639', 'exact', 62.0, 62.0);
INSERT INTO public.expenses (id, context_type, group_id, description, amount, currency, category, expense_date, paid_by_user_id, created_by) VALUES ('b834e986-7a7c-44a0-b42a-eae299b2ef7b', 'group', '887b4ace-3f5a-555b-b257-7b4990d525d3', 'Cơm trưa (Unnamed: 5_level_0)', 30.548, 'VND', 'Cơm trưa', '2025-01-01', '6858ec18-26f4-5391-8911-ba222d0963fb', '6858ec18-26f4-5391-8911-ba222d0963fb');
INSERT INTO public.expense_splits (id, expense_id, user_id, split_method, split_value, computed_amount) VALUES ('d82ea2d1-2b4f-45a5-a2b2-51353d132c1c', 'b834e986-7a7c-44a0-b42a-eae299b2ef7b', '17360c26-b252-55ba-aa56-fa0ccda470cc', 'exact', 30.548, 30.548);
INSERT INTO public.expenses (id, context_type, group_id, description, amount, currency, category, expense_date, paid_by_user_id, created_by) VALUES ('958a4741-87bd-42f0-8ca7-58d9436f654f', 'group', '887b4ace-3f5a-555b-b257-7b4990d525d3', 'Cơm trưa (Unnamed: 5_level_0)', 39.0, 'VND', 'Cơm trưa', '2025-01-01', '6858ec18-26f4-5391-8911-ba222d0963fb', '6858ec18-26f4-5391-8911-ba222d0963fb');
INSERT INTO public.expense_splits (id, expense_id, user_id, split_method, split_value, computed_amount) VALUES ('5ddacd88-1020-4b43-8218-6795eebebd25', '958a4741-87bd-42f0-8ca7-58d9436f654f', '9fb98854-1059-5f09-bfc9-105061f2ae1e', 'exact', 39.0, 39.0);
INSERT INTO public.expenses (id, context_type, group_id, description, amount, currency, category, expense_date, paid_by_user_id, created_by) VALUES ('b62c1d8b-f960-4809-9e6a-7a657780af48', 'group', '887b4ace-3f5a-555b-b257-7b4990d525d3', 'Cơm trưa (Unnamed: 5_level_0)', 42.0, 'VND', 'Cơm trưa', '2025-01-01', '6858ec18-26f4-5391-8911-ba222d0963fb', '6858ec18-26f4-5391-8911-ba222d0963fb');
INSERT INTO public.expense_splits (id, expense_id, user_id, split_method, split_value, computed_amount) VALUES ('d00d49cb-133d-4f62-acc9-828214b69f41', 'b62c1d8b-f960-4809-9e6a-7a657780af48', '6858ec18-26f4-5391-8911-ba222d0963fb', 'exact', 42.0, 42.0);
INSERT INTO public.expenses (id, context_type, group_id, description, amount, currency, category, expense_date, paid_by_user_id, created_by) VALUES ('7af684bb-71c1-465b-b1b8-6d76c75702ff', 'group', '887b4ace-3f5a-555b-b257-7b4990d525d3', 'Karaoke (Unnamed: 15_level_0)', 85.0, 'VND', 'Karaoke', '2025-01-01', '6858ec18-26f4-5391-8911-ba222d0963fb', '6858ec18-26f4-5391-8911-ba222d0963fb');
INSERT INTO public.expense_splits (id, expense_id, user_id, split_method, split_value, computed_amount) VALUES ('6604ae16-03b2-49dd-8a19-28088ae849e4', '7af684bb-71c1-465b-b1b8-6d76c75702ff', 'f23d423d-2af6-5bad-aed7-1cbe6f0c9221', 'exact', 85.0, 85.0);
INSERT INTO public.expenses (id, context_type, group_id, description, amount, currency, category, expense_date, paid_by_user_id, created_by) VALUES ('5de98812-ebe1-439e-bf33-e373b596b00c', 'group', '887b4ace-3f5a-555b-b257-7b4990d525d3', 'Karaoke (Unnamed: 15_level_0)', 85.0, 'VND', 'Karaoke', '2025-01-01', '6858ec18-26f4-5391-8911-ba222d0963fb', '6858ec18-26f4-5391-8911-ba222d0963fb');
INSERT INTO public.expense_splits (id, expense_id, user_id, split_method, split_value, computed_amount) VALUES ('a8a2ab0a-6f21-4ae3-aa32-f8676f0d34a5', '5de98812-ebe1-439e-bf33-e373b596b00c', '54aa4cd7-656b-5705-819d-eec91c7c356c', 'exact', 85.0, 85.0);
INSERT INTO public.expenses (id, context_type, group_id, description, amount, currency, category, expense_date, paid_by_user_id, created_by) VALUES ('7b89a2a3-111a-4110-9f7c-c359e3f8a397', 'group', '887b4ace-3f5a-555b-b257-7b4990d525d3', 'Karaoke (Unnamed: 15_level_0)', 85.0, 'VND', 'Karaoke', '2025-01-01', '6858ec18-26f4-5391-8911-ba222d0963fb', '6858ec18-26f4-5391-8911-ba222d0963fb');
INSERT INTO public.expense_splits (id, expense_id, user_id, split_method, split_value, computed_amount) VALUES ('3918b636-0791-468c-8092-eda1ce69b58e', '7b89a2a3-111a-4110-9f7c-c359e3f8a397', '6c5a61c6-7891-50a2-a37b-78ae38c39c02', 'exact', 85.0, 85.0);
INSERT INTO public.expenses (id, context_type, group_id, description, amount, currency, category, expense_date, paid_by_user_id, created_by) VALUES ('319dfb0f-88f7-4a97-aece-5560a5fe7e7f', 'group', '887b4ace-3f5a-555b-b257-7b4990d525d3', 'Karaoke (Unnamed: 15_level_0)', 85.0, 'VND', 'Karaoke', '2025-01-01', '6858ec18-26f4-5391-8911-ba222d0963fb', '6858ec18-26f4-5391-8911-ba222d0963fb');
INSERT INTO public.expense_splits (id, expense_id, user_id, split_method, split_value, computed_amount) VALUES ('ac4967ce-f79a-45cc-82c4-136ceaf4cb1b', '319dfb0f-88f7-4a97-aece-5560a5fe7e7f', '166614ae-eede-5b6a-ae13-bdb4b2601639', 'exact', 85.0, 85.0);
INSERT INTO public.expenses (id, context_type, group_id, description, amount, currency, category, expense_date, paid_by_user_id, created_by) VALUES ('34d7da9b-edaf-46ae-b67e-a3e621002974', 'group', '887b4ace-3f5a-555b-b257-7b4990d525d3', 'Karaoke (Unnamed: 15_level_0)', 85.0, 'VND', 'Karaoke', '2025-01-01', '6858ec18-26f4-5391-8911-ba222d0963fb', '6858ec18-26f4-5391-8911-ba222d0963fb');
INSERT INTO public.expense_splits (id, expense_id, user_id, split_method, split_value, computed_amount) VALUES ('23849eaa-5037-471b-b17a-59a85228f3c6', '34d7da9b-edaf-46ae-b67e-a3e621002974', '17360c26-b252-55ba-aa56-fa0ccda470cc', 'exact', 85.0, 85.0);
INSERT INTO public.expenses (id, context_type, group_id, description, amount, currency, category, expense_date, paid_by_user_id, created_by) VALUES ('eb634457-3ef6-44e4-b93c-e7f3ab2abff1', 'group', '887b4ace-3f5a-555b-b257-7b4990d525d3', 'Karaoke (Unnamed: 15_level_0)', 85.0, 'VND', 'Karaoke', '2025-01-01', '6858ec18-26f4-5391-8911-ba222d0963fb', '6858ec18-26f4-5391-8911-ba222d0963fb');
INSERT INTO public.expense_splits (id, expense_id, user_id, split_method, split_value, computed_amount) VALUES ('9a06acf7-cc48-471e-bfcc-540c2a877179', 'eb634457-3ef6-44e4-b93c-e7f3ab2abff1', '848862ad-4062-5b79-bbaf-97477396c885', 'exact', 85.0, 85.0);
INSERT INTO public.expenses (id, context_type, group_id, description, amount, currency, category, expense_date, paid_by_user_id, created_by) VALUES ('2e5ef6b9-6caa-4eb8-98a5-62c877f23326', 'group', '887b4ace-3f5a-555b-b257-7b4990d525d3', 'Karaoke (Unnamed: 15_level_0)', 85.0, 'VND', 'Karaoke', '2025-01-01', '6858ec18-26f4-5391-8911-ba222d0963fb', '6858ec18-26f4-5391-8911-ba222d0963fb');
INSERT INTO public.expense_splits (id, expense_id, user_id, split_method, split_value, computed_amount) VALUES ('039031ca-bee5-4c81-926c-fc2151cfe2cb', '2e5ef6b9-6caa-4eb8-98a5-62c877f23326', '9fb98854-1059-5f09-bfc9-105061f2ae1e', 'exact', 85.0, 85.0);
INSERT INTO public.expenses (id, context_type, group_id, description, amount, currency, category, expense_date, paid_by_user_id, created_by) VALUES ('8156f779-e40a-4895-9fd2-82b2c832bc75', 'group', '887b4ace-3f5a-555b-b257-7b4990d525d3', 'Karaoke (Unnamed: 15_level_0)', 85.0, 'VND', 'Karaoke', '2025-01-01', '6858ec18-26f4-5391-8911-ba222d0963fb', '6858ec18-26f4-5391-8911-ba222d0963fb');
INSERT INTO public.expense_splits (id, expense_id, user_id, split_method, split_value, computed_amount) VALUES ('a4a91dc6-6eee-4add-8a85-598640e334a5', '8156f779-e40a-4895-9fd2-82b2c832bc75', '092a5c2b-5c42-5044-ac7d-e9e2990b870d', 'exact', 85.0, 85.0);
INSERT INTO public.expenses (id, context_type, group_id, description, amount, currency, category, expense_date, paid_by_user_id, created_by) VALUES ('54bef3b6-8d98-41c5-8344-fa73165ce560', 'group', '887b4ace-3f5a-555b-b257-7b4990d525d3', 'Karaoke (Unnamed: 15_level_0)', 85.0, 'VND', 'Karaoke', '2025-01-01', '6858ec18-26f4-5391-8911-ba222d0963fb', '6858ec18-26f4-5391-8911-ba222d0963fb');
INSERT INTO public.expense_splits (id, expense_id, user_id, split_method, split_value, computed_amount) VALUES ('fe2ccbb2-a7e5-4f86-bbdf-00906a4cb76f', '54bef3b6-8d98-41c5-8344-fa73165ce560', '5285e675-b5a8-5b1c-b1d4-e69d3182f337', 'exact', 85.0, 85.0);
INSERT INTO public.expenses (id, context_type, group_id, description, amount, currency, category, expense_date, paid_by_user_id, created_by) VALUES ('562c3b9a-e50a-4a5f-935c-f9ff683c684a', 'group', '887b4ace-3f5a-555b-b257-7b4990d525d3', 'Karaoke (Unnamed: 15_level_0)', 85.0, 'VND', 'Karaoke', '2025-01-01', '6858ec18-26f4-5391-8911-ba222d0963fb', '6858ec18-26f4-5391-8911-ba222d0963fb');
INSERT INTO public.expense_splits (id, expense_id, user_id, split_method, split_value, computed_amount) VALUES ('94cd5806-4405-43be-8f83-aa07d69dfba6', '562c3b9a-e50a-4a5f-935c-f9ff683c684a', 'ea515426-5b85-5aba-a7a0-ea47c72537a1', 'exact', 85.0, 85.0);
INSERT INTO public.expenses (id, context_type, group_id, description, amount, currency, category, expense_date, paid_by_user_id, created_by) VALUES ('33cd6fbb-d0cb-41d4-84c7-ff0509499a16', 'group', '887b4ace-3f5a-555b-b257-7b4990d525d3', 'Karaoke (Unnamed: 15_level_0)', 85.0, 'VND', 'Karaoke', '2025-01-01', '6858ec18-26f4-5391-8911-ba222d0963fb', '6858ec18-26f4-5391-8911-ba222d0963fb');
INSERT INTO public.expense_splits (id, expense_id, user_id, split_method, split_value, computed_amount) VALUES ('6f4b4289-d340-40d2-9016-3e34cdc9f991', '33cd6fbb-d0cb-41d4-84c7-ff0509499a16', 'cbfd2392-6289-5084-8495-3df65670eb4b', 'exact', 85.0, 85.0);
INSERT INTO public.expenses (id, context_type, group_id, description, amount, currency, category, expense_date, paid_by_user_id, created_by) VALUES ('bc390906-54a3-4040-be34-b457ac89191b', 'group', '887b4ace-3f5a-555b-b257-7b4990d525d3', 'Karaoke (Unnamed: 15_level_0)', 85.0, 'VND', 'Karaoke', '2025-01-01', '6858ec18-26f4-5391-8911-ba222d0963fb', '6858ec18-26f4-5391-8911-ba222d0963fb');
INSERT INTO public.expense_splits (id, expense_id, user_id, split_method, split_value, computed_amount) VALUES ('164fa3f4-9217-4760-a358-55f257816a62', 'bc390906-54a3-4040-be34-b457ac89191b', '3131ece5-af32-503f-840a-98931dc1a2c8', 'exact', 85.0, 85.0);
INSERT INTO public.expenses (id, context_type, group_id, description, amount, currency, category, expense_date, paid_by_user_id, created_by) VALUES ('8d4d1aa3-ba22-430f-842a-971fa6b5dde3', 'group', '887b4ace-3f5a-555b-b257-7b4990d525d3', 'Karaoke (Unnamed: 15_level_0)', 85.0, 'VND', 'Karaoke', '2025-01-01', '6858ec18-26f4-5391-8911-ba222d0963fb', '6858ec18-26f4-5391-8911-ba222d0963fb');
INSERT INTO public.expense_splits (id, expense_id, user_id, split_method, split_value, computed_amount) VALUES ('0fd62f4c-abb3-4eb7-a27c-935ba8af4951', '8d4d1aa3-ba22-430f-842a-971fa6b5dde3', '576b380d-af43-5590-93c2-6fbbdf9f51bd', 'exact', 85.0, 85.0);
INSERT INTO public.expenses (id, context_type, group_id, description, amount, currency, category, expense_date, paid_by_user_id, created_by) VALUES ('6702ce0a-b47e-4cab-be5d-7f036954c937', 'group', '887b4ace-3f5a-555b-b257-7b4990d525d3', 'Karaoke (Unnamed: 15_level_0)', 85.0, 'VND', 'Karaoke', '2025-01-01', '6858ec18-26f4-5391-8911-ba222d0963fb', '6858ec18-26f4-5391-8911-ba222d0963fb');
INSERT INTO public.expense_splits (id, expense_id, user_id, split_method, split_value, computed_amount) VALUES ('124706c2-d026-4525-b0b5-8f3a4f272143', '6702ce0a-b47e-4cab-be5d-7f036954c937', '82c3f1f5-5bb5-57b1-8e8b-6dbc5ab50ab9', 'exact', 85.0, 85.0);
INSERT INTO public.expenses (id, context_type, group_id, description, amount, currency, category, expense_date, paid_by_user_id, created_by) VALUES ('421bbf92-7131-48d5-bf0f-49dfe84c6a6c', 'group', '887b4ace-3f5a-555b-b257-7b4990d525d3', 'Karaoke (Unnamed: 15_level_0)', 85.0, 'VND', 'Karaoke', '2025-01-01', '6858ec18-26f4-5391-8911-ba222d0963fb', '6858ec18-26f4-5391-8911-ba222d0963fb');
INSERT INTO public.expense_splits (id, expense_id, user_id, split_method, split_value, computed_amount) VALUES ('0f8a8380-3ed4-41f1-9c85-f6bc238900e1', '421bbf92-7131-48d5-bf0f-49dfe84c6a6c', '6858ec18-26f4-5391-8911-ba222d0963fb', 'exact', 85.0, 85.0);
INSERT INTO public.expenses (id, context_type, group_id, description, amount, currency, category, expense_date, paid_by_user_id, created_by) VALUES ('7558d6e5-cb00-4304-b33f-7c1ac9229750', 'group', '887b4ace-3f5a-555b-b257-7b4990d525d3', 'Ăn Chiều (Unnamed: 5_level_0)', 49.5, 'VND', 'Ăn Chiều', '2025-01-01', '6858ec18-26f4-5391-8911-ba222d0963fb', '6858ec18-26f4-5391-8911-ba222d0963fb');
INSERT INTO public.expense_splits (id, expense_id, user_id, split_method, split_value, computed_amount) VALUES ('0c393e98-ef8b-451d-a347-02ba5829c4e4', '7558d6e5-cb00-4304-b33f-7c1ac9229750', '6858ec18-26f4-5391-8911-ba222d0963fb', 'exact', 49.5, 49.5);
INSERT INTO public.expenses (id, context_type, group_id, description, amount, currency, category, expense_date, paid_by_user_id, created_by) VALUES ('1ee5631d-14c0-4b9a-b141-ade0f01a4312', 'group', '887b4ace-3f5a-555b-b257-7b4990d525d3', 'Cơm trưa (Unnamed: 8_level_0)', 45.0, 'VND', 'Cơm trưa', '2025-01-01', '6858ec18-26f4-5391-8911-ba222d0963fb', '6858ec18-26f4-5391-8911-ba222d0963fb');
INSERT INTO public.expense_splits (id, expense_id, user_id, split_method, split_value, computed_amount) VALUES ('6356e0e0-57f7-4e31-ac34-6107655e4e74', '1ee5631d-14c0-4b9a-b141-ade0f01a4312', '6f6fcf5b-d63a-5982-a325-d518ca136c51', 'exact', 45.0, 45.0);
INSERT INTO public.expenses (id, context_type, group_id, description, amount, currency, category, expense_date, paid_by_user_id, created_by) VALUES ('4d9861ea-d91b-4d60-b144-a22c20a0ed48', 'group', '887b4ace-3f5a-555b-b257-7b4990d525d3', 'Cơm trưa (Unnamed: 8_level_0)', 50.0, 'VND', 'Cơm trưa', '2025-01-01', '6858ec18-26f4-5391-8911-ba222d0963fb', '6858ec18-26f4-5391-8911-ba222d0963fb');
INSERT INTO public.expense_splits (id, expense_id, user_id, split_method, split_value, computed_amount) VALUES ('ebb42bae-105e-4d26-bd4a-239e5d378b14', '4d9861ea-d91b-4d60-b144-a22c20a0ed48', 'f23d423d-2af6-5bad-aed7-1cbe6f0c9221', 'exact', 50.0, 50.0);
INSERT INTO public.expenses (id, context_type, group_id, description, amount, currency, category, expense_date, paid_by_user_id, created_by) VALUES ('a327de0b-5436-4f81-a1f1-eb23e28ab9f0', 'group', '887b4ace-3f5a-555b-b257-7b4990d525d3', 'Cơm trưa (Unnamed: 8_level_0)', 50.0, 'VND', 'Cơm trưa', '2025-01-01', '6858ec18-26f4-5391-8911-ba222d0963fb', '6858ec18-26f4-5391-8911-ba222d0963fb');
INSERT INTO public.expense_splits (id, expense_id, user_id, split_method, split_value, computed_amount) VALUES ('2a536387-56e5-4f7d-9362-91133910be48', 'a327de0b-5436-4f81-a1f1-eb23e28ab9f0', '54aa4cd7-656b-5705-819d-eec91c7c356c', 'exact', 50.0, 50.0);
INSERT INTO public.expenses (id, context_type, group_id, description, amount, currency, category, expense_date, paid_by_user_id, created_by) VALUES ('2374a644-d54c-42ab-b33a-5ed2bd7e34a0', 'group', '887b4ace-3f5a-555b-b257-7b4990d525d3', 'Cơm trưa (Unnamed: 8_level_0)', 45.0, 'VND', 'Cơm trưa', '2025-01-01', '6858ec18-26f4-5391-8911-ba222d0963fb', '6858ec18-26f4-5391-8911-ba222d0963fb');
INSERT INTO public.expense_splits (id, expense_id, user_id, split_method, split_value, computed_amount) VALUES ('d9d23c5a-ce52-4797-b60d-b7607f9d86c2', '2374a644-d54c-42ab-b33a-5ed2bd7e34a0', '166614ae-eede-5b6a-ae13-bdb4b2601639', 'exact', 45.0, 45.0);
INSERT INTO public.expenses (id, context_type, group_id, description, amount, currency, category, expense_date, paid_by_user_id, created_by) VALUES ('be5a26f6-858d-4eae-a4d0-173e650988be', 'group', '887b4ace-3f5a-555b-b257-7b4990d525d3', 'Cơm trưa (Unnamed: 8_level_0)', 45.0, 'VND', 'Cơm trưa', '2025-01-01', '6858ec18-26f4-5391-8911-ba222d0963fb', '6858ec18-26f4-5391-8911-ba222d0963fb');
INSERT INTO public.expense_splits (id, expense_id, user_id, split_method, split_value, computed_amount) VALUES ('560e8e14-64c1-4e7a-a161-6779d265b9c2', 'be5a26f6-858d-4eae-a4d0-173e650988be', '9fb98854-1059-5f09-bfc9-105061f2ae1e', 'exact', 45.0, 45.0);
INSERT INTO public.expenses (id, context_type, group_id, description, amount, currency, category, expense_date, paid_by_user_id, created_by) VALUES ('b2bf13e3-d09a-4cdc-9898-025711f6613a', 'group', '887b4ace-3f5a-555b-b257-7b4990d525d3', 'Cơm trưa (Unnamed: 8_level_0)', 50.0, 'VND', 'Cơm trưa', '2025-01-01', '6858ec18-26f4-5391-8911-ba222d0963fb', '6858ec18-26f4-5391-8911-ba222d0963fb');
INSERT INTO public.expense_splits (id, expense_id, user_id, split_method, split_value, computed_amount) VALUES ('9bef7189-e750-449c-a103-250f163acf80', 'b2bf13e3-d09a-4cdc-9898-025711f6613a', '5285e675-b5a8-5b1c-b1d4-e69d3182f337', 'exact', 50.0, 50.0);
INSERT INTO public.expenses (id, context_type, group_id, description, amount, currency, category, expense_date, paid_by_user_id, created_by) VALUES ('9ba99275-b7b7-4960-b7bd-8ad9a444ce7e', 'group', '887b4ace-3f5a-555b-b257-7b4990d525d3', 'Cơm trưa (Unnamed: 8_level_0)', 45.0, 'VND', 'Cơm trưa', '2025-01-01', '6858ec18-26f4-5391-8911-ba222d0963fb', '6858ec18-26f4-5391-8911-ba222d0963fb');
INSERT INTO public.expense_splits (id, expense_id, user_id, split_method, split_value, computed_amount) VALUES ('29a6bdac-7622-4adf-a2da-d5d7aee1a831', '9ba99275-b7b7-4960-b7bd-8ad9a444ce7e', 'ea515426-5b85-5aba-a7a0-ea47c72537a1', 'exact', 45.0, 45.0);
INSERT INTO public.expenses (id, context_type, group_id, description, amount, currency, category, expense_date, paid_by_user_id, created_by) VALUES ('3832edd7-122b-4453-b9ac-92f1bb40eb6b', 'group', '887b4ace-3f5a-555b-b257-7b4990d525d3', 'Cơm trưa (Unnamed: 8_level_0)', 45.0, 'VND', 'Cơm trưa', '2025-01-01', '6858ec18-26f4-5391-8911-ba222d0963fb', '6858ec18-26f4-5391-8911-ba222d0963fb');
INSERT INTO public.expense_splits (id, expense_id, user_id, split_method, split_value, computed_amount) VALUES ('a5d02ee1-f180-4e97-ab8d-3afeb8f2650f', '3832edd7-122b-4453-b9ac-92f1bb40eb6b', '47ca819b-b295-5f77-a485-4fb614cb060f', 'exact', 45.0, 45.0);
INSERT INTO public.expenses (id, context_type, group_id, description, amount, currency, category, expense_date, paid_by_user_id, created_by) VALUES ('c8a5bd02-ccd1-43af-9297-009aecaa5671', 'group', '887b4ace-3f5a-555b-b257-7b4990d525d3', 'Cơm trưa (Unnamed: 8_level_0)', 45.0, 'VND', 'Cơm trưa', '2025-01-01', '6858ec18-26f4-5391-8911-ba222d0963fb', '6858ec18-26f4-5391-8911-ba222d0963fb');
INSERT INTO public.expense_splits (id, expense_id, user_id, split_method, split_value, computed_amount) VALUES ('42a808c4-2fbf-4297-94d9-648a949e8997', 'c8a5bd02-ccd1-43af-9297-009aecaa5671', 'a7e9373c-0995-53f4-9e02-b10c85984972', 'exact', 45.0, 45.0);
INSERT INTO public.expenses (id, context_type, group_id, description, amount, currency, category, expense_date, paid_by_user_id, created_by) VALUES ('b195dc26-5cb9-4ba0-8f78-08093d7bbbef', 'group', '887b4ace-3f5a-555b-b257-7b4990d525d3', 'Cơm trưa (Unnamed: 8_level_0)', 65.0, 'VND', 'Cơm trưa', '2025-01-01', '6858ec18-26f4-5391-8911-ba222d0963fb', '6858ec18-26f4-5391-8911-ba222d0963fb');
INSERT INTO public.expense_splits (id, expense_id, user_id, split_method, split_value, computed_amount) VALUES ('9eab0217-b471-48bf-958e-c561858dec29', 'b195dc26-5cb9-4ba0-8f78-08093d7bbbef', '6858ec18-26f4-5391-8911-ba222d0963fb', 'exact', 65.0, 65.0);
INSERT INTO public.expenses (id, context_type, group_id, description, amount, currency, category, expense_date, paid_by_user_id, created_by) VALUES ('5a6ccc61-4629-41c7-913b-c45ab9911dbf', 'group', '887b4ace-3f5a-555b-b257-7b4990d525d3', 'Siêu thị (Unnamed: 11_level_0)', 25.0, 'VND', 'Siêu thị', '2025-01-01', '6858ec18-26f4-5391-8911-ba222d0963fb', '6858ec18-26f4-5391-8911-ba222d0963fb');
INSERT INTO public.expense_splits (id, expense_id, user_id, split_method, split_value, computed_amount) VALUES ('6cd7b12d-3d1f-4a9f-a25e-290b96302a46', '5a6ccc61-4629-41c7-913b-c45ab9911dbf', '9fb98854-1059-5f09-bfc9-105061f2ae1e', 'exact', 25.0, 25.0);
INSERT INTO public.expenses (id, context_type, group_id, description, amount, currency, category, expense_date, paid_by_user_id, created_by) VALUES ('9253a992-39e2-4944-9829-2fb41f35ffb8', 'group', '887b4ace-3f5a-555b-b257-7b4990d525d3', 'Cơm trưa (Unnamed: 14_level_0)', 45.0, 'VND', 'Cơm trưa', '2025-01-01', '6858ec18-26f4-5391-8911-ba222d0963fb', '6858ec18-26f4-5391-8911-ba222d0963fb');
INSERT INTO public.expense_splits (id, expense_id, user_id, split_method, split_value, computed_amount) VALUES ('130d1fd6-3224-4927-85f6-304e08aeda45', '9253a992-39e2-4944-9829-2fb41f35ffb8', '6f6fcf5b-d63a-5982-a325-d518ca136c51', 'exact', 45.0, 45.0);
INSERT INTO public.expenses (id, context_type, group_id, description, amount, currency, category, expense_date, paid_by_user_id, created_by) VALUES ('b551dbb8-2d44-4d45-8e85-70bc9a7b52bc', 'group', '887b4ace-3f5a-555b-b257-7b4990d525d3', 'Cơm trưa (Unnamed: 14_level_0)', 45.0, 'VND', 'Cơm trưa', '2025-01-01', '6858ec18-26f4-5391-8911-ba222d0963fb', '6858ec18-26f4-5391-8911-ba222d0963fb');
INSERT INTO public.expense_splits (id, expense_id, user_id, split_method, split_value, computed_amount) VALUES ('4bba88f9-0aeb-46dc-8f46-2fb0bb0be10e', 'b551dbb8-2d44-4d45-8e85-70bc9a7b52bc', 'f23d423d-2af6-5bad-aed7-1cbe6f0c9221', 'exact', 45.0, 45.0);
INSERT INTO public.expenses (id, context_type, group_id, description, amount, currency, category, expense_date, paid_by_user_id, created_by) VALUES ('d82a451b-0f46-47d2-a340-1f7294f0d3a0', 'group', '887b4ace-3f5a-555b-b257-7b4990d525d3', 'Cơm trưa (Unnamed: 14_level_0)', 50.0, 'VND', 'Cơm trưa', '2025-01-01', '6858ec18-26f4-5391-8911-ba222d0963fb', '6858ec18-26f4-5391-8911-ba222d0963fb');
INSERT INTO public.expense_splits (id, expense_id, user_id, split_method, split_value, computed_amount) VALUES ('899893c9-cd9b-42d8-972e-da90c544e750', 'd82a451b-0f46-47d2-a340-1f7294f0d3a0', '54aa4cd7-656b-5705-819d-eec91c7c356c', 'exact', 50.0, 50.0);
INSERT INTO public.expenses (id, context_type, group_id, description, amount, currency, category, expense_date, paid_by_user_id, created_by) VALUES ('110f12ba-508a-4850-85fe-247ed8a505d2', 'group', '887b4ace-3f5a-555b-b257-7b4990d525d3', 'Cơm trưa (Unnamed: 14_level_0)', 45.0, 'VND', 'Cơm trưa', '2025-01-01', '6858ec18-26f4-5391-8911-ba222d0963fb', '6858ec18-26f4-5391-8911-ba222d0963fb');
INSERT INTO public.expense_splits (id, expense_id, user_id, split_method, split_value, computed_amount) VALUES ('477fe6ee-0f07-4c61-804c-7a78cd4a3032', '110f12ba-508a-4850-85fe-247ed8a505d2', '6c5a61c6-7891-50a2-a37b-78ae38c39c02', 'exact', 45.0, 45.0);
INSERT INTO public.expenses (id, context_type, group_id, description, amount, currency, category, expense_date, paid_by_user_id, created_by) VALUES ('e13b36a8-f23a-4933-93e8-5105c345e927', 'group', '887b4ace-3f5a-555b-b257-7b4990d525d3', 'Cơm trưa (Unnamed: 14_level_0)', 45.0, 'VND', 'Cơm trưa', '2025-01-01', '6858ec18-26f4-5391-8911-ba222d0963fb', '6858ec18-26f4-5391-8911-ba222d0963fb');
INSERT INTO public.expense_splits (id, expense_id, user_id, split_method, split_value, computed_amount) VALUES ('2e006afa-5502-4713-ad55-514a2439a2ba', 'e13b36a8-f23a-4933-93e8-5105c345e927', '166614ae-eede-5b6a-ae13-bdb4b2601639', 'exact', 45.0, 45.0);
INSERT INTO public.expenses (id, context_type, group_id, description, amount, currency, category, expense_date, paid_by_user_id, created_by) VALUES ('2a32f825-319f-4189-9682-02e4a86e49d9', 'group', '887b4ace-3f5a-555b-b257-7b4990d525d3', 'Cơm trưa (Unnamed: 14_level_0)', 45.0, 'VND', 'Cơm trưa', '2025-01-01', '6858ec18-26f4-5391-8911-ba222d0963fb', '6858ec18-26f4-5391-8911-ba222d0963fb');
INSERT INTO public.expense_splits (id, expense_id, user_id, split_method, split_value, computed_amount) VALUES ('04a482a1-5c84-4383-b423-7c364e66c088', '2a32f825-319f-4189-9682-02e4a86e49d9', '17360c26-b252-55ba-aa56-fa0ccda470cc', 'exact', 45.0, 45.0);
INSERT INTO public.expenses (id, context_type, group_id, description, amount, currency, category, expense_date, paid_by_user_id, created_by) VALUES ('8439e80c-c804-4165-80aa-2c414e486787', 'group', '887b4ace-3f5a-555b-b257-7b4990d525d3', 'Cơm trưa (Unnamed: 14_level_0)', 45.0, 'VND', 'Cơm trưa', '2025-01-01', '6858ec18-26f4-5391-8911-ba222d0963fb', '6858ec18-26f4-5391-8911-ba222d0963fb');
INSERT INTO public.expense_splits (id, expense_id, user_id, split_method, split_value, computed_amount) VALUES ('749787af-771f-4ec8-81e0-ec623b94950a', '8439e80c-c804-4165-80aa-2c414e486787', '9fb98854-1059-5f09-bfc9-105061f2ae1e', 'exact', 45.0, 45.0);
INSERT INTO public.expenses (id, context_type, group_id, description, amount, currency, category, expense_date, paid_by_user_id, created_by) VALUES ('73655cd6-7368-4e19-a54e-a589b0172583', 'group', '887b4ace-3f5a-555b-b257-7b4990d525d3', 'Cơm trưa (Unnamed: 14_level_0)', 45.0, 'VND', 'Cơm trưa', '2025-01-01', '6858ec18-26f4-5391-8911-ba222d0963fb', '6858ec18-26f4-5391-8911-ba222d0963fb');
INSERT INTO public.expense_splits (id, expense_id, user_id, split_method, split_value, computed_amount) VALUES ('ccac38f6-c081-45c2-824b-20dfca1663a9', '73655cd6-7368-4e19-a54e-a589b0172583', 'ea515426-5b85-5aba-a7a0-ea47c72537a1', 'exact', 45.0, 45.0);
INSERT INTO public.expenses (id, context_type, group_id, description, amount, currency, category, expense_date, paid_by_user_id, created_by) VALUES ('4211f203-e437-4df6-888f-51372cb5a130', 'group', '887b4ace-3f5a-555b-b257-7b4990d525d3', 'Cơm trưa (Unnamed: 14_level_0)', 50.0, 'VND', 'Cơm trưa', '2025-01-01', '6858ec18-26f4-5391-8911-ba222d0963fb', '6858ec18-26f4-5391-8911-ba222d0963fb');
INSERT INTO public.expense_splits (id, expense_id, user_id, split_method, split_value, computed_amount) VALUES ('16039fb7-c0d8-4d20-a032-68b5ffb5b1b0', '4211f203-e437-4df6-888f-51372cb5a130', '47ca819b-b295-5f77-a485-4fb614cb060f', 'exact', 50.0, 50.0);
INSERT INTO public.expenses (id, context_type, group_id, description, amount, currency, category, expense_date, paid_by_user_id, created_by) VALUES ('f308ce10-8389-48bb-9baa-c6143d4fc29b', 'group', '887b4ace-3f5a-555b-b257-7b4990d525d3', 'Cơm trưa (Unnamed: 14_level_0)', 45.0, 'VND', 'Cơm trưa', '2025-01-01', '6858ec18-26f4-5391-8911-ba222d0963fb', '6858ec18-26f4-5391-8911-ba222d0963fb');
INSERT INTO public.expense_splits (id, expense_id, user_id, split_method, split_value, computed_amount) VALUES ('ad8f92f1-2e01-41b6-b557-e4fa6f420c08', 'f308ce10-8389-48bb-9baa-c6143d4fc29b', '6858ec18-26f4-5391-8911-ba222d0963fb', 'exact', 45.0, 45.0);
INSERT INTO public.expenses (id, context_type, group_id, description, amount, currency, category, expense_date, paid_by_user_id, created_by) VALUES ('1749618d-7e44-43a2-976f-c4af414e8078', 'group', '887b4ace-3f5a-555b-b257-7b4990d525d3', 'Ăn Tối (Unnamed: 6_level_0)', 25.0, 'VND', 'Ăn Tối', '2025-01-01', '6858ec18-26f4-5391-8911-ba222d0963fb', '6858ec18-26f4-5391-8911-ba222d0963fb');
INSERT INTO public.expense_splits (id, expense_id, user_id, split_method, split_value, computed_amount) VALUES ('250eeafe-f8b4-4078-af03-274795631012', '1749618d-7e44-43a2-976f-c4af414e8078', '6c5a61c6-7891-50a2-a37b-78ae38c39c02', 'exact', 25.0, 25.0);
INSERT INTO public.expenses (id, context_type, group_id, description, amount, currency, category, expense_date, paid_by_user_id, created_by) VALUES ('1fddcf1b-aa88-4b5d-84a0-9c62f157e0ba', 'group', '887b4ace-3f5a-555b-b257-7b4990d525d3', 'Ăn Tối (Unnamed: 6_level_0)', 25.0, 'VND', 'Ăn Tối', '2025-01-01', '6858ec18-26f4-5391-8911-ba222d0963fb', '6858ec18-26f4-5391-8911-ba222d0963fb');
INSERT INTO public.expense_splits (id, expense_id, user_id, split_method, split_value, computed_amount) VALUES ('16af4a16-d674-4596-9a57-85702af86e7a', '1fddcf1b-aa88-4b5d-84a0-9c62f157e0ba', '166614ae-eede-5b6a-ae13-bdb4b2601639', 'exact', 25.0, 25.0);
INSERT INTO public.expenses (id, context_type, group_id, description, amount, currency, category, expense_date, paid_by_user_id, created_by) VALUES ('c51655e3-6a82-46d5-aa9e-18a99582ca70', 'group', '887b4ace-3f5a-555b-b257-7b4990d525d3', 'Ăn Tối (Unnamed: 6_level_0)', 25.0, 'VND', 'Ăn Tối', '2025-01-01', '6858ec18-26f4-5391-8911-ba222d0963fb', '6858ec18-26f4-5391-8911-ba222d0963fb');
INSERT INTO public.expense_splits (id, expense_id, user_id, split_method, split_value, computed_amount) VALUES ('710dd741-8776-41b2-b158-5cce4041a7c3', 'c51655e3-6a82-46d5-aa9e-18a99582ca70', '17360c26-b252-55ba-aa56-fa0ccda470cc', 'exact', 25.0, 25.0);
INSERT INTO public.expenses (id, context_type, group_id, description, amount, currency, category, expense_date, paid_by_user_id, created_by) VALUES ('900355e1-57a7-4d68-8f21-e33a4af1062d', 'group', '887b4ace-3f5a-555b-b257-7b4990d525d3', 'Ăn Tối (Unnamed: 6_level_0)', 25.0, 'VND', 'Ăn Tối', '2025-01-01', '6858ec18-26f4-5391-8911-ba222d0963fb', '6858ec18-26f4-5391-8911-ba222d0963fb');
INSERT INTO public.expense_splits (id, expense_id, user_id, split_method, split_value, computed_amount) VALUES ('43e2e770-d2c4-4998-8f8b-30d1536a1d67', '900355e1-57a7-4d68-8f21-e33a4af1062d', '9fb98854-1059-5f09-bfc9-105061f2ae1e', 'exact', 25.0, 25.0);
INSERT INTO public.expenses (id, context_type, group_id, description, amount, currency, category, expense_date, paid_by_user_id, created_by) VALUES ('ba619fe2-cb90-470b-b477-b83629c0816a', 'group', '887b4ace-3f5a-555b-b257-7b4990d525d3', 'Ăn Tối (Unnamed: 6_level_0)', 25.0, 'VND', 'Ăn Tối', '2025-01-01', '6858ec18-26f4-5391-8911-ba222d0963fb', '6858ec18-26f4-5391-8911-ba222d0963fb');
INSERT INTO public.expense_splits (id, expense_id, user_id, split_method, split_value, computed_amount) VALUES ('faafc3ba-7170-4ece-bd8f-15d683acf3fb', 'ba619fe2-cb90-470b-b477-b83629c0816a', '82c3f1f5-5bb5-57b1-8e8b-6dbc5ab50ab9', 'exact', 25.0, 25.0);
INSERT INTO public.expenses (id, context_type, group_id, description, amount, currency, category, expense_date, paid_by_user_id, created_by) VALUES ('63717201-bf8a-4c5a-b294-c1d5d95e12c3', 'group', '887b4ace-3f5a-555b-b257-7b4990d525d3', 'Ăn Tối (Unnamed: 6_level_0)', 25.0, 'VND', 'Ăn Tối', '2025-01-01', '6858ec18-26f4-5391-8911-ba222d0963fb', '6858ec18-26f4-5391-8911-ba222d0963fb');
INSERT INTO public.expense_splits (id, expense_id, user_id, split_method, split_value, computed_amount) VALUES ('f2cda3ad-701a-4a90-8e39-48284a17eda9', '63717201-bf8a-4c5a-b294-c1d5d95e12c3', '6858ec18-26f4-5391-8911-ba222d0963fb', 'exact', 25.0, 25.0);
INSERT INTO public.expenses (id, context_type, group_id, description, amount, currency, category, expense_date, paid_by_user_id, created_by) VALUES ('91244673-e72a-490c-bcb9-dd88770343a1', 'group', '887b4ace-3f5a-555b-b257-7b4990d525d3', 'Cà phê (20/08)', 34.0, 'VND', 'Cà phê', '2025-08-20', '6858ec18-26f4-5391-8911-ba222d0963fb', '6858ec18-26f4-5391-8911-ba222d0963fb');
INSERT INTO public.expense_splits (id, expense_id, user_id, split_method, split_value, computed_amount) VALUES ('f800710b-4816-405a-97a1-fd9caa773b10', '91244673-e72a-490c-bcb9-dd88770343a1', '166614ae-eede-5b6a-ae13-bdb4b2601639', 'exact', 34.0, 34.0);
INSERT INTO public.expenses (id, context_type, group_id, description, amount, currency, category, expense_date, paid_by_user_id, created_by) VALUES ('4bf8cd25-5400-4041-9ac5-53ae81cc7f77', 'group', '887b4ace-3f5a-555b-b257-7b4990d525d3', 'Cà phê (20/08)', 55.0, 'VND', 'Cà phê', '2025-08-20', '6858ec18-26f4-5391-8911-ba222d0963fb', '6858ec18-26f4-5391-8911-ba222d0963fb');
INSERT INTO public.expense_splits (id, expense_id, user_id, split_method, split_value, computed_amount) VALUES ('d8af8328-c6b5-4c31-92d2-c5f3f4e88fd8', '4bf8cd25-5400-4041-9ac5-53ae81cc7f77', 'f23d423d-2af6-5bad-aed7-1cbe6f0c9221', 'exact', 55.0, 55.0);
INSERT INTO public.expenses (id, context_type, group_id, description, amount, currency, category, expense_date, paid_by_user_id, created_by) VALUES ('398eb435-7314-4fb7-bf4e-85e6e2bfc103', 'group', '887b4ace-3f5a-555b-b257-7b4990d525d3', 'Cà phê (20/08)', 55.0, 'VND', 'Cà phê', '2025-08-20', '6858ec18-26f4-5391-8911-ba222d0963fb', '6858ec18-26f4-5391-8911-ba222d0963fb');
INSERT INTO public.expense_splits (id, expense_id, user_id, split_method, split_value, computed_amount) VALUES ('61bc2fc2-7264-4504-af53-7f90a0f10d3d', '398eb435-7314-4fb7-bf4e-85e6e2bfc103', 'ea515426-5b85-5aba-a7a0-ea47c72537a1', 'exact', 55.0, 55.0);
INSERT INTO public.expenses (id, context_type, group_id, description, amount, currency, category, expense_date, paid_by_user_id, created_by) VALUES ('48d593f8-32ed-4a91-8fc5-76fa41b927fd', 'group', '887b4ace-3f5a-555b-b257-7b4990d525d3', 'Cà phê (20/08)', 94.0, 'VND', 'Cà phê', '2025-08-20', '6858ec18-26f4-5391-8911-ba222d0963fb', '6858ec18-26f4-5391-8911-ba222d0963fb');
INSERT INTO public.expense_splits (id, expense_id, user_id, split_method, split_value, computed_amount) VALUES ('e683a5ce-4b29-440f-a81b-41300364f9a6', '48d593f8-32ed-4a91-8fc5-76fa41b927fd', '6858ec18-26f4-5391-8911-ba222d0963fb', 'exact', 94.0, 94.0);
INSERT INTO public.expenses (id, context_type, group_id, description, amount, currency, category, expense_date, paid_by_user_id, created_by) VALUES ('a094c26c-0654-43bf-b851-163f41583a93', 'group', '887b4ace-3f5a-555b-b257-7b4990d525d3', 'Ăn tối (Unnamed: 12_level_0)', 22.0, 'VND', 'Ăn tối', '2025-01-01', '6858ec18-26f4-5391-8911-ba222d0963fb', '6858ec18-26f4-5391-8911-ba222d0963fb');
INSERT INTO public.expense_splits (id, expense_id, user_id, split_method, split_value, computed_amount) VALUES ('c6c71493-4f36-4e05-b568-b41475c4fce3', 'a094c26c-0654-43bf-b851-163f41583a93', '6c5a61c6-7891-50a2-a37b-78ae38c39c02', 'exact', 22.0, 22.0);
INSERT INTO public.expenses (id, context_type, group_id, description, amount, currency, category, expense_date, paid_by_user_id, created_by) VALUES ('36b567fd-14b9-4e10-b1c7-b24bae39c307', 'group', '887b4ace-3f5a-555b-b257-7b4990d525d3', 'Ăn tối (Unnamed: 12_level_0)', 16.0, 'VND', 'Ăn tối', '2025-01-01', '6858ec18-26f4-5391-8911-ba222d0963fb', '6858ec18-26f4-5391-8911-ba222d0963fb');
INSERT INTO public.expense_splits (id, expense_id, user_id, split_method, split_value, computed_amount) VALUES ('0178f112-db28-4560-9a82-bee2328b213f', '36b567fd-14b9-4e10-b1c7-b24bae39c307', '166614ae-eede-5b6a-ae13-bdb4b2601639', 'exact', 16.0, 16.0);
INSERT INTO public.expenses (id, context_type, group_id, description, amount, currency, category, expense_date, paid_by_user_id, created_by) VALUES ('f3b75a2e-7159-4497-abec-43cb5cb3c788', 'group', '887b4ace-3f5a-555b-b257-7b4990d525d3', 'Ăn tối (Unnamed: 12_level_0)', 16.0, 'VND', 'Ăn tối', '2025-01-01', '6858ec18-26f4-5391-8911-ba222d0963fb', '6858ec18-26f4-5391-8911-ba222d0963fb');
INSERT INTO public.expense_splits (id, expense_id, user_id, split_method, split_value, computed_amount) VALUES ('6c24df0d-c1b7-4149-9a16-5c018a677bb7', 'f3b75a2e-7159-4497-abec-43cb5cb3c788', '9fb98854-1059-5f09-bfc9-105061f2ae1e', 'exact', 16.0, 16.0);
INSERT INTO public.expenses (id, context_type, group_id, description, amount, currency, category, expense_date, paid_by_user_id, created_by) VALUES ('b887c890-8666-4c7d-992d-474048dae377', 'group', '887b4ace-3f5a-555b-b257-7b4990d525d3', 'Ăn tối (Unnamed: 12_level_0)', 17.0, 'VND', 'Ăn tối', '2025-01-01', '6858ec18-26f4-5391-8911-ba222d0963fb', '6858ec18-26f4-5391-8911-ba222d0963fb');
INSERT INTO public.expense_splits (id, expense_id, user_id, split_method, split_value, computed_amount) VALUES ('a21dc4e9-8d86-4fc3-9818-85af1fa8cf07', 'b887c890-8666-4c7d-992d-474048dae377', '54aa4cd7-656b-5705-819d-eec91c7c356c', 'exact', 17.0, 17.0);
INSERT INTO public.expenses (id, context_type, group_id, description, amount, currency, category, expense_date, paid_by_user_id, created_by) VALUES ('2c3644a7-b44a-49e4-a999-e3527ee0774b', 'group', '887b4ace-3f5a-555b-b257-7b4990d525d3', 'Ăn tối (Unnamed: 12_level_0)', 66.0, 'VND', 'Ăn tối', '2025-01-01', '6858ec18-26f4-5391-8911-ba222d0963fb', '6858ec18-26f4-5391-8911-ba222d0963fb');
INSERT INTO public.expense_splits (id, expense_id, user_id, split_method, split_value, computed_amount) VALUES ('30b3db89-7c84-4937-b9a9-28c7e0043443', '2c3644a7-b44a-49e4-a999-e3527ee0774b', 'cdb403b7-6116-5055-9b54-eb2a2dcada12', 'exact', 66.0, 66.0);
INSERT INTO public.expenses (id, context_type, group_id, description, amount, currency, category, expense_date, paid_by_user_id, created_by) VALUES ('73380155-c723-41db-9445-27e4cddc560b', 'group', '887b4ace-3f5a-555b-b257-7b4990d525d3', 'Ăn tối (Unnamed: 12_level_0)', 32.0, 'VND', 'Ăn tối', '2025-01-01', '6858ec18-26f4-5391-8911-ba222d0963fb', '6858ec18-26f4-5391-8911-ba222d0963fb');
INSERT INTO public.expense_splits (id, expense_id, user_id, split_method, split_value, computed_amount) VALUES ('cd9e384c-8a41-43e0-b61c-a4e77c30abaa', '73380155-c723-41db-9445-27e4cddc560b', '6858ec18-26f4-5391-8911-ba222d0963fb', 'exact', 32.0, 32.0);
INSERT INTO public.expenses (id, context_type, group_id, description, amount, currency, category, expense_date, paid_by_user_id, created_by) VALUES ('b294b000-0753-4896-bb34-64d68467c8c2', 'group', '887b4ace-3f5a-555b-b257-7b4990d525d3', 'Cà phê (22/08)', 35.0, 'VND', 'Cà phê', '2025-08-22', '6858ec18-26f4-5391-8911-ba222d0963fb', '6858ec18-26f4-5391-8911-ba222d0963fb');
INSERT INTO public.expense_splits (id, expense_id, user_id, split_method, split_value, computed_amount) VALUES ('87529149-3ec2-45a4-952a-7a63a4a3f678', 'b294b000-0753-4896-bb34-64d68467c8c2', '166614ae-eede-5b6a-ae13-bdb4b2601639', 'exact', 35.0, 35.0);
INSERT INTO public.expenses (id, context_type, group_id, description, amount, currency, category, expense_date, paid_by_user_id, created_by) VALUES ('d321a4e3-e5a8-41ee-b0b4-6846a12cab0b', 'group', '887b4ace-3f5a-555b-b257-7b4990d525d3', 'Cà phê (25/08)', 50.0, 'VND', 'Cà phê', '2025-08-25', '6858ec18-26f4-5391-8911-ba222d0963fb', '6858ec18-26f4-5391-8911-ba222d0963fb');
INSERT INTO public.expense_splits (id, expense_id, user_id, split_method, split_value, computed_amount) VALUES ('3b347a64-9ae4-41c4-b63a-fbb37e825997', 'd321a4e3-e5a8-41ee-b0b4-6846a12cab0b', '166614ae-eede-5b6a-ae13-bdb4b2601639', 'exact', 50.0, 50.0);
INSERT INTO public.expenses (id, context_type, group_id, description, amount, currency, category, expense_date, paid_by_user_id, created_by) VALUES ('78b82013-475a-45be-ada0-c03839fea651', 'group', '887b4ace-3f5a-555b-b257-7b4990d525d3', 'Cà phê (25/08)', 50.0, 'VND', 'Cà phê', '2025-08-25', '6858ec18-26f4-5391-8911-ba222d0963fb', '6858ec18-26f4-5391-8911-ba222d0963fb');
INSERT INTO public.expense_splits (id, expense_id, user_id, split_method, split_value, computed_amount) VALUES ('12062c77-6381-4a2b-aa07-bdfbe8a51e1a', '78b82013-475a-45be-ada0-c03839fea651', 'f23d423d-2af6-5bad-aed7-1cbe6f0c9221', 'exact', 50.0, 50.0);
INSERT INTO public.expenses (id, context_type, group_id, description, amount, currency, category, expense_date, paid_by_user_id, created_by) VALUES ('24ed25db-f34e-47bc-99f8-a8404f9b6434', 'group', '887b4ace-3f5a-555b-b257-7b4990d525d3', 'Cà phê (25/08)', 39.0, 'VND', 'Cà phê', '2025-08-25', '6858ec18-26f4-5391-8911-ba222d0963fb', '6858ec18-26f4-5391-8911-ba222d0963fb');
INSERT INTO public.expense_splits (id, expense_id, user_id, split_method, split_value, computed_amount) VALUES ('731b5a6d-e69b-46ce-9036-a634999fde8c', '24ed25db-f34e-47bc-99f8-a8404f9b6434', '5285e675-b5a8-5b1c-b1d4-e69d3182f337', 'exact', 39.0, 39.0);
INSERT INTO public.expenses (id, context_type, group_id, description, amount, currency, category, expense_date, paid_by_user_id, created_by) VALUES ('63c99cd5-a652-414f-aa32-29be2f069080', 'group', '887b4ace-3f5a-555b-b257-7b4990d525d3', 'Cà phê (25/08)', 50.0, 'VND', 'Cà phê', '2025-08-25', '6858ec18-26f4-5391-8911-ba222d0963fb', '6858ec18-26f4-5391-8911-ba222d0963fb');
INSERT INTO public.expense_splits (id, expense_id, user_id, split_method, split_value, computed_amount) VALUES ('1f5c9659-cb23-4077-a3c0-b93fd3211915', '63c99cd5-a652-414f-aa32-29be2f069080', 'ea515426-5b85-5aba-a7a0-ea47c72537a1', 'exact', 50.0, 50.0);
INSERT INTO public.expenses (id, context_type, group_id, description, amount, currency, category, expense_date, paid_by_user_id, created_by) VALUES ('02c81daf-b6d9-4416-8dda-698639efec6b', 'group', '887b4ace-3f5a-555b-b257-7b4990d525d3', 'Cà phê (25/08)', 50.0, 'VND', 'Cà phê', '2025-08-25', '6858ec18-26f4-5391-8911-ba222d0963fb', '6858ec18-26f4-5391-8911-ba222d0963fb');
INSERT INTO public.expense_splits (id, expense_id, user_id, split_method, split_value, computed_amount) VALUES ('92d7aeed-0e8c-4906-9f09-e922c14329a0', '02c81daf-b6d9-4416-8dda-698639efec6b', '6858ec18-26f4-5391-8911-ba222d0963fb', 'exact', 50.0, 50.0);
INSERT INTO public.expenses (id, context_type, group_id, description, amount, currency, category, expense_date, paid_by_user_id, created_by) VALUES ('db7f56ff-92f2-462c-9dab-ea053c5c2d4b', 'group', '887b4ace-3f5a-555b-b257-7b4990d525d3', 'Ăn Chiều (Unnamed: 2_level_0)', 16.0, 'VND', 'Ăn Chiều', '2025-01-01', '6858ec18-26f4-5391-8911-ba222d0963fb', '6858ec18-26f4-5391-8911-ba222d0963fb');
INSERT INTO public.expense_splits (id, expense_id, user_id, split_method, split_value, computed_amount) VALUES ('efbc2aa4-ec7a-41e2-9240-953118eae1cb', 'db7f56ff-92f2-462c-9dab-ea053c5c2d4b', '17360c26-b252-55ba-aa56-fa0ccda470cc', 'exact', 16.0, 16.0);
INSERT INTO public.expenses (id, context_type, group_id, description, amount, currency, category, expense_date, paid_by_user_id, created_by) VALUES ('112ba0d7-f0a5-485d-a842-caace6d6685d', 'group', '887b4ace-3f5a-555b-b257-7b4990d525d3', 'Ăn Chiều (Unnamed: 2_level_0)', 40.0, 'VND', 'Ăn Chiều', '2025-01-01', '6858ec18-26f4-5391-8911-ba222d0963fb', '6858ec18-26f4-5391-8911-ba222d0963fb');
INSERT INTO public.expense_splits (id, expense_id, user_id, split_method, split_value, computed_amount) VALUES ('16cc6ad3-a7b9-47f1-8573-baf19c3ee990', '112ba0d7-f0a5-485d-a842-caace6d6685d', 'f23d423d-2af6-5bad-aed7-1cbe6f0c9221', 'exact', 40.0, 40.0);
INSERT INTO public.expenses (id, context_type, group_id, description, amount, currency, category, expense_date, paid_by_user_id, created_by) VALUES ('c1c63e4b-c387-4822-a58e-e9727a134516', 'group', '887b4ace-3f5a-555b-b257-7b4990d525d3', 'Ăn Chiều (Unnamed: 2_level_0)', 12.0, 'VND', 'Ăn Chiều', '2025-01-01', '6858ec18-26f4-5391-8911-ba222d0963fb', '6858ec18-26f4-5391-8911-ba222d0963fb');
INSERT INTO public.expense_splits (id, expense_id, user_id, split_method, split_value, computed_amount) VALUES ('cf278a58-cc4e-46fb-9950-e6568603b612', 'c1c63e4b-c387-4822-a58e-e9727a134516', '82c3f1f5-5bb5-57b1-8e8b-6dbc5ab50ab9', 'exact', 12.0, 12.0);
INSERT INTO public.expenses (id, context_type, group_id, description, amount, currency, category, expense_date, paid_by_user_id, created_by) VALUES ('fb1a1e13-a8d7-4c08-8fe3-5851a843340c', 'group', '887b4ace-3f5a-555b-b257-7b4990d525d3', 'Ăn Chiều (Unnamed: 2_level_0)', 24.0, 'VND', 'Ăn Chiều', '2025-01-01', '6858ec18-26f4-5391-8911-ba222d0963fb', '6858ec18-26f4-5391-8911-ba222d0963fb');
INSERT INTO public.expense_splits (id, expense_id, user_id, split_method, split_value, computed_amount) VALUES ('aeb4d87a-0030-49e5-a8c7-a688f3bd9df9', 'fb1a1e13-a8d7-4c08-8fe3-5851a843340c', '6858ec18-26f4-5391-8911-ba222d0963fb', 'exact', 24.0, 24.0);
INSERT INTO public.expenses (id, context_type, group_id, description, amount, currency, category, expense_date, paid_by_user_id, created_by) VALUES ('a6626005-003d-4048-9998-edc6c3f3ebfb', 'group', '887b4ace-3f5a-555b-b257-7b4990d525d3', 'Mưa Đỏ (Unnamed: 8_level_0)', 59.0, 'VND', 'Mưa Đỏ', '2025-01-01', '6858ec18-26f4-5391-8911-ba222d0963fb', '6858ec18-26f4-5391-8911-ba222d0963fb');
INSERT INTO public.expense_splits (id, expense_id, user_id, split_method, split_value, computed_amount) VALUES ('a31321ef-48fd-49b0-a97d-4c9bed92213a', 'a6626005-003d-4048-9998-edc6c3f3ebfb', '6c5a61c6-7891-50a2-a37b-78ae38c39c02', 'exact', 59.0, 59.0);
INSERT INTO public.expenses (id, context_type, group_id, description, amount, currency, category, expense_date, paid_by_user_id, created_by) VALUES ('d4165551-ea37-4609-aa5b-27da0ddefb80', 'group', '887b4ace-3f5a-555b-b257-7b4990d525d3', 'Mưa Đỏ (Unnamed: 8_level_0)', 59.0, 'VND', 'Mưa Đỏ', '2025-01-01', '6858ec18-26f4-5391-8911-ba222d0963fb', '6858ec18-26f4-5391-8911-ba222d0963fb');
INSERT INTO public.expense_splits (id, expense_id, user_id, split_method, split_value, computed_amount) VALUES ('40b9684b-c81b-494d-990f-f0c1bceef5fd', 'd4165551-ea37-4609-aa5b-27da0ddefb80', '166614ae-eede-5b6a-ae13-bdb4b2601639', 'exact', 59.0, 59.0);
INSERT INTO public.expenses (id, context_type, group_id, description, amount, currency, category, expense_date, paid_by_user_id, created_by) VALUES ('7eaee7c8-6035-4720-a2b8-6817766c4a07', 'group', '887b4ace-3f5a-555b-b257-7b4990d525d3', 'Mưa Đỏ (Unnamed: 8_level_0)', 59.0, 'VND', 'Mưa Đỏ', '2025-01-01', '6858ec18-26f4-5391-8911-ba222d0963fb', '6858ec18-26f4-5391-8911-ba222d0963fb');
INSERT INTO public.expense_splits (id, expense_id, user_id, split_method, split_value, computed_amount) VALUES ('4a754f42-f90b-436e-91a0-dc01d6953ef3', '7eaee7c8-6035-4720-a2b8-6817766c4a07', '17360c26-b252-55ba-aa56-fa0ccda470cc', 'exact', 59.0, 59.0);
INSERT INTO public.expenses (id, context_type, group_id, description, amount, currency, category, expense_date, paid_by_user_id, created_by) VALUES ('6048e564-e2d5-4dc3-9d54-ab0d374992e6', 'group', '887b4ace-3f5a-555b-b257-7b4990d525d3', 'Mưa Đỏ (Unnamed: 8_level_0)', 59.0, 'VND', 'Mưa Đỏ', '2025-01-01', '6858ec18-26f4-5391-8911-ba222d0963fb', '6858ec18-26f4-5391-8911-ba222d0963fb');
INSERT INTO public.expense_splits (id, expense_id, user_id, split_method, split_value, computed_amount) VALUES ('5e088d71-54fa-426e-908d-ea4c455fe37e', '6048e564-e2d5-4dc3-9d54-ab0d374992e6', '9fb98854-1059-5f09-bfc9-105061f2ae1e', 'exact', 59.0, 59.0);
INSERT INTO public.expenses (id, context_type, group_id, description, amount, currency, category, expense_date, paid_by_user_id, created_by) VALUES ('e4da8942-670d-4b37-99c4-57f3d7d468c0', 'group', '887b4ace-3f5a-555b-b257-7b4990d525d3', 'Mưa Đỏ (Unnamed: 8_level_0)', 59.0, 'VND', 'Mưa Đỏ', '2025-01-01', '6858ec18-26f4-5391-8911-ba222d0963fb', '6858ec18-26f4-5391-8911-ba222d0963fb');
INSERT INTO public.expense_splits (id, expense_id, user_id, split_method, split_value, computed_amount) VALUES ('6b47697b-2f52-48de-ac42-bc0559bb1b3c', 'e4da8942-670d-4b37-99c4-57f3d7d468c0', 'f23d423d-2af6-5bad-aed7-1cbe6f0c9221', 'exact', 59.0, 59.0);
INSERT INTO public.expenses (id, context_type, group_id, description, amount, currency, category, expense_date, paid_by_user_id, created_by) VALUES ('f8c6e045-6cbf-4adb-bf8c-420b8c064d78', 'group', '887b4ace-3f5a-555b-b257-7b4990d525d3', 'Mưa Đỏ (Unnamed: 8_level_0)', 59.0, 'VND', 'Mưa Đỏ', '2025-01-01', '6858ec18-26f4-5391-8911-ba222d0963fb', '6858ec18-26f4-5391-8911-ba222d0963fb');
INSERT INTO public.expense_splits (id, expense_id, user_id, split_method, split_value, computed_amount) VALUES ('878f7ecd-d7bf-4c1b-b52e-f4772fd9ec0d', 'f8c6e045-6cbf-4adb-bf8c-420b8c064d78', 'bd7c5648-9846-5fb2-98c9-10e0a4178df8', 'exact', 59.0, 59.0);
INSERT INTO public.expenses (id, context_type, group_id, description, amount, currency, category, expense_date, paid_by_user_id, created_by) VALUES ('7b94fbe8-52cc-4a46-a063-09f8a63e97da', 'group', '887b4ace-3f5a-555b-b257-7b4990d525d3', 'Mưa Đỏ (Unnamed: 8_level_0)', 118.0, 'VND', 'Mưa Đỏ', '2025-01-01', '6858ec18-26f4-5391-8911-ba222d0963fb', '6858ec18-26f4-5391-8911-ba222d0963fb');
INSERT INTO public.expense_splits (id, expense_id, user_id, split_method, split_value, computed_amount) VALUES ('cfba3518-55ae-47db-a3ee-fbaa01c94556', '7b94fbe8-52cc-4a46-a063-09f8a63e97da', '54aa4cd7-656b-5705-819d-eec91c7c356c', 'exact', 118.0, 118.0);
INSERT INTO public.expenses (id, context_type, group_id, description, amount, currency, category, expense_date, paid_by_user_id, created_by) VALUES ('96b5c048-949d-4a65-a428-4dbb240fa14d', 'group', '887b4ace-3f5a-555b-b257-7b4990d525d3', 'Mưa Đỏ (Unnamed: 8_level_0)', 59.0, 'VND', 'Mưa Đỏ', '2025-01-01', '6858ec18-26f4-5391-8911-ba222d0963fb', '6858ec18-26f4-5391-8911-ba222d0963fb');
INSERT INTO public.expense_splits (id, expense_id, user_id, split_method, split_value, computed_amount) VALUES ('3a1f9487-af9c-4bd8-b8b5-161c02854124', '96b5c048-949d-4a65-a428-4dbb240fa14d', '5285e675-b5a8-5b1c-b1d4-e69d3182f337', 'exact', 59.0, 59.0);
INSERT INTO public.expenses (id, context_type, group_id, description, amount, currency, category, expense_date, paid_by_user_id, created_by) VALUES ('1cf0e355-d2b3-40d9-93ff-85848566c8bb', 'group', '887b4ace-3f5a-555b-b257-7b4990d525d3', 'Mưa Đỏ (Unnamed: 8_level_0)', 59.0, 'VND', 'Mưa Đỏ', '2025-01-01', '6858ec18-26f4-5391-8911-ba222d0963fb', '6858ec18-26f4-5391-8911-ba222d0963fb');
INSERT INTO public.expense_splits (id, expense_id, user_id, split_method, split_value, computed_amount) VALUES ('4a0bcb1d-6e96-4297-8f3f-859d48b717d0', '1cf0e355-d2b3-40d9-93ff-85848566c8bb', 'ea515426-5b85-5aba-a7a0-ea47c72537a1', 'exact', 59.0, 59.0);
INSERT INTO public.expenses (id, context_type, group_id, description, amount, currency, category, expense_date, paid_by_user_id, created_by) VALUES ('9a900283-fc72-4e3a-b599-11089511df57', 'group', '887b4ace-3f5a-555b-b257-7b4990d525d3', 'Mưa Đỏ (Unnamed: 8_level_0)', 59.0, 'VND', 'Mưa Đỏ', '2025-01-01', '6858ec18-26f4-5391-8911-ba222d0963fb', '6858ec18-26f4-5391-8911-ba222d0963fb');
INSERT INTO public.expense_splits (id, expense_id, user_id, split_method, split_value, computed_amount) VALUES ('c02bcc78-17c9-47ed-9f2d-3c20473f49f3', '9a900283-fc72-4e3a-b599-11089511df57', '82c3f1f5-5bb5-57b1-8e8b-6dbc5ab50ab9', 'exact', 59.0, 59.0);
INSERT INTO public.expenses (id, context_type, group_id, description, amount, currency, category, expense_date, paid_by_user_id, created_by) VALUES ('76d7f32e-145c-489c-8885-c7576727d46d', 'group', '887b4ace-3f5a-555b-b257-7b4990d525d3', 'Mưa Đỏ (Unnamed: 8_level_0)', 59.0, 'VND', 'Mưa Đỏ', '2025-01-01', '6858ec18-26f4-5391-8911-ba222d0963fb', '6858ec18-26f4-5391-8911-ba222d0963fb');
INSERT INTO public.expense_splits (id, expense_id, user_id, split_method, split_value, computed_amount) VALUES ('edae9f7e-e886-4e34-8ab1-7497f89651e8', '76d7f32e-145c-489c-8885-c7576727d46d', '6858ec18-26f4-5391-8911-ba222d0963fb', 'exact', 59.0, 59.0);
INSERT INTO public.expenses (id, context_type, group_id, description, amount, currency, category, expense_date, paid_by_user_id, created_by) VALUES ('b5a72eeb-ff6f-4527-8d95-0774436a91b4', 'group', '887b4ace-3f5a-555b-b257-7b4990d525d3', 'Bắp nước (Unnamed: 9_level_0)', 33.0, 'VND', 'Bắp nước', '2025-01-01', '6858ec18-26f4-5391-8911-ba222d0963fb', '6858ec18-26f4-5391-8911-ba222d0963fb');
INSERT INTO public.expense_splits (id, expense_id, user_id, split_method, split_value, computed_amount) VALUES ('5362bfca-9af1-4272-86a2-dd504108983c', 'b5a72eeb-ff6f-4527-8d95-0774436a91b4', '6c5a61c6-7891-50a2-a37b-78ae38c39c02', 'exact', 33.0, 33.0);
INSERT INTO public.expenses (id, context_type, group_id, description, amount, currency, category, expense_date, paid_by_user_id, created_by) VALUES ('53b0fa60-bae0-4f55-b15e-119275606aaa', 'group', '887b4ace-3f5a-555b-b257-7b4990d525d3', 'Bắp nước (Unnamed: 9_level_0)', 33.0, 'VND', 'Bắp nước', '2025-01-01', '6858ec18-26f4-5391-8911-ba222d0963fb', '6858ec18-26f4-5391-8911-ba222d0963fb');
INSERT INTO public.expense_splits (id, expense_id, user_id, split_method, split_value, computed_amount) VALUES ('64dd5122-2eb6-4896-b483-5a63d0880c77', '53b0fa60-bae0-4f55-b15e-119275606aaa', '166614ae-eede-5b6a-ae13-bdb4b2601639', 'exact', 33.0, 33.0);
INSERT INTO public.expenses (id, context_type, group_id, description, amount, currency, category, expense_date, paid_by_user_id, created_by) VALUES ('43a2824b-b698-43dc-be00-27dfa9cd8790', 'group', '887b4ace-3f5a-555b-b257-7b4990d525d3', 'Bắp nước (Unnamed: 9_level_0)', 33.0, 'VND', 'Bắp nước', '2025-01-01', '6858ec18-26f4-5391-8911-ba222d0963fb', '6858ec18-26f4-5391-8911-ba222d0963fb');
INSERT INTO public.expense_splits (id, expense_id, user_id, split_method, split_value, computed_amount) VALUES ('32b4632a-daf3-4998-864e-0728ed320478', '43a2824b-b698-43dc-be00-27dfa9cd8790', '17360c26-b252-55ba-aa56-fa0ccda470cc', 'exact', 33.0, 33.0);
INSERT INTO public.expenses (id, context_type, group_id, description, amount, currency, category, expense_date, paid_by_user_id, created_by) VALUES ('5357b1ba-6991-4443-8f1c-72b71fdb69be', 'group', '887b4ace-3f5a-555b-b257-7b4990d525d3', 'Bắp nước (Unnamed: 9_level_0)', 33.0, 'VND', 'Bắp nước', '2025-01-01', '6858ec18-26f4-5391-8911-ba222d0963fb', '6858ec18-26f4-5391-8911-ba222d0963fb');
INSERT INTO public.expense_splits (id, expense_id, user_id, split_method, split_value, computed_amount) VALUES ('17a63c8a-230c-4a28-bbac-86eb8f211fe6', '5357b1ba-6991-4443-8f1c-72b71fdb69be', '9fb98854-1059-5f09-bfc9-105061f2ae1e', 'exact', 33.0, 33.0);
INSERT INTO public.expenses (id, context_type, group_id, description, amount, currency, category, expense_date, paid_by_user_id, created_by) VALUES ('e9da3492-38f5-444f-8b7c-533fd51abbcd', 'group', '887b4ace-3f5a-555b-b257-7b4990d525d3', 'Bắp nước (Unnamed: 9_level_0)', 33.0, 'VND', 'Bắp nước', '2025-01-01', '6858ec18-26f4-5391-8911-ba222d0963fb', '6858ec18-26f4-5391-8911-ba222d0963fb');
INSERT INTO public.expense_splits (id, expense_id, user_id, split_method, split_value, computed_amount) VALUES ('3997a357-239a-4245-a2a8-eb1fcf6468f5', 'e9da3492-38f5-444f-8b7c-533fd51abbcd', 'ea515426-5b85-5aba-a7a0-ea47c72537a1', 'exact', 33.0, 33.0);
INSERT INTO public.expenses (id, context_type, group_id, description, amount, currency, category, expense_date, paid_by_user_id, created_by) VALUES ('dbcf080e-7fdf-424c-b24c-9455679178dc', 'group', '887b4ace-3f5a-555b-b257-7b4990d525d3', 'Bắp nước (Unnamed: 9_level_0)', 33.0, 'VND', 'Bắp nước', '2025-01-01', '6858ec18-26f4-5391-8911-ba222d0963fb', '6858ec18-26f4-5391-8911-ba222d0963fb');
INSERT INTO public.expense_splits (id, expense_id, user_id, split_method, split_value, computed_amount) VALUES ('75125359-b4af-41f7-9324-130076d0fb7a', 'dbcf080e-7fdf-424c-b24c-9455679178dc', '34ce84cd-555a-50d5-ac8a-3d736c1c38c0', 'exact', 33.0, 33.0);
INSERT INTO public.expenses (id, context_type, group_id, description, amount, currency, category, expense_date, paid_by_user_id, created_by) VALUES ('60b3e6ff-314f-4da3-b6d1-7ede1adba3ac', 'group', '887b4ace-3f5a-555b-b257-7b4990d525d3', 'Bắp nước (Unnamed: 9_level_0)', 33.0, 'VND', 'Bắp nước', '2025-01-01', '6858ec18-26f4-5391-8911-ba222d0963fb', '6858ec18-26f4-5391-8911-ba222d0963fb');
INSERT INTO public.expense_splits (id, expense_id, user_id, split_method, split_value, computed_amount) VALUES ('20307764-798e-47fe-a423-95b54c6e5160', '60b3e6ff-314f-4da3-b6d1-7ede1adba3ac', '5285e675-b5a8-5b1c-b1d4-e69d3182f337', 'exact', 33.0, 33.0);
INSERT INTO public.expenses (id, context_type, group_id, description, amount, currency, category, expense_date, paid_by_user_id, created_by) VALUES ('341e8d1d-a577-49e1-9871-b72e82ab9696', 'group', '887b4ace-3f5a-555b-b257-7b4990d525d3', 'Bắp nước (Unnamed: 9_level_0)', 33.0, 'VND', 'Bắp nước', '2025-01-01', '6858ec18-26f4-5391-8911-ba222d0963fb', '6858ec18-26f4-5391-8911-ba222d0963fb');
INSERT INTO public.expense_splits (id, expense_id, user_id, split_method, split_value, computed_amount) VALUES ('7734177f-2904-408e-8371-07ca19d9135c', '341e8d1d-a577-49e1-9871-b72e82ab9696', 'f23d423d-2af6-5bad-aed7-1cbe6f0c9221', 'exact', 33.0, 33.0);
INSERT INTO public.expenses (id, context_type, group_id, description, amount, currency, category, expense_date, paid_by_user_id, created_by) VALUES ('02c7fc27-bfe0-4132-a292-859441ce080e', 'group', '887b4ace-3f5a-555b-b257-7b4990d525d3', 'Bắp nước (Unnamed: 9_level_0)', 33.0, 'VND', 'Bắp nước', '2025-01-01', '6858ec18-26f4-5391-8911-ba222d0963fb', '6858ec18-26f4-5391-8911-ba222d0963fb');
INSERT INTO public.expense_splits (id, expense_id, user_id, split_method, split_value, computed_amount) VALUES ('9009ebcb-b6b2-4ff4-aef5-72d755eb8140', '02c7fc27-bfe0-4132-a292-859441ce080e', '6f6fcf5b-d63a-5982-a325-d518ca136c51', 'exact', 33.0, 33.0);
INSERT INTO public.expenses (id, context_type, group_id, description, amount, currency, category, expense_date, paid_by_user_id, created_by) VALUES ('eb98600c-4091-408a-820a-7c0315d59ce8', 'group', '887b4ace-3f5a-555b-b257-7b4990d525d3', 'Bắp nước (Unnamed: 9_level_0)', 33.0, 'VND', 'Bắp nước', '2025-01-01', '6858ec18-26f4-5391-8911-ba222d0963fb', '6858ec18-26f4-5391-8911-ba222d0963fb');
INSERT INTO public.expense_splits (id, expense_id, user_id, split_method, split_value, computed_amount) VALUES ('873e3b06-3c7d-40ba-bf83-3f30790357be', 'eb98600c-4091-408a-820a-7c0315d59ce8', 'bd7c5648-9846-5fb2-98c9-10e0a4178df8', 'exact', 33.0, 33.0);
INSERT INTO public.expenses (id, context_type, group_id, description, amount, currency, category, expense_date, paid_by_user_id, created_by) VALUES ('f3ea715c-7380-49f2-b367-a48e64803657', 'group', '887b4ace-3f5a-555b-b257-7b4990d525d3', 'Bắp nước (Unnamed: 9_level_0)', 66.0, 'VND', 'Bắp nước', '2025-01-01', '6858ec18-26f4-5391-8911-ba222d0963fb', '6858ec18-26f4-5391-8911-ba222d0963fb');
INSERT INTO public.expense_splits (id, expense_id, user_id, split_method, split_value, computed_amount) VALUES ('15f66b21-81c9-438d-81dc-54444efa1aa7', 'f3ea715c-7380-49f2-b367-a48e64803657', '54aa4cd7-656b-5705-819d-eec91c7c356c', 'exact', 66.0, 66.0);
INSERT INTO public.expenses (id, context_type, group_id, description, amount, currency, category, expense_date, paid_by_user_id, created_by) VALUES ('0154967d-8cfa-4e88-b9e6-ce950a5afa3d', 'group', '887b4ace-3f5a-555b-b257-7b4990d525d3', 'Bắp nước (Unnamed: 9_level_0)', 33.0, 'VND', 'Bắp nước', '2025-01-01', '6858ec18-26f4-5391-8911-ba222d0963fb', '6858ec18-26f4-5391-8911-ba222d0963fb');
INSERT INTO public.expense_splits (id, expense_id, user_id, split_method, split_value, computed_amount) VALUES ('af7b5fb2-8e3d-4ad8-a1db-0396aa4bbb3d', '0154967d-8cfa-4e88-b9e6-ce950a5afa3d', '5285e675-b5a8-5b1c-b1d4-e69d3182f337', 'exact', 33.0, 33.0);
INSERT INTO public.expenses (id, context_type, group_id, description, amount, currency, category, expense_date, paid_by_user_id, created_by) VALUES ('8fd9d40d-00c3-4617-9caf-135462f1ff81', 'group', '887b4ace-3f5a-555b-b257-7b4990d525d3', 'Bắp nước (Unnamed: 9_level_0)', 33.0, 'VND', 'Bắp nước', '2025-01-01', '6858ec18-26f4-5391-8911-ba222d0963fb', '6858ec18-26f4-5391-8911-ba222d0963fb');
INSERT INTO public.expense_splits (id, expense_id, user_id, split_method, split_value, computed_amount) VALUES ('a68ba628-1e12-4dc7-b8a0-94fabc10763d', '8fd9d40d-00c3-4617-9caf-135462f1ff81', 'ea515426-5b85-5aba-a7a0-ea47c72537a1', 'exact', 33.0, 33.0);
INSERT INTO public.expenses (id, context_type, group_id, description, amount, currency, category, expense_date, paid_by_user_id, created_by) VALUES ('69986091-ea29-416f-a5e2-dad29af40a36', 'group', '887b4ace-3f5a-555b-b257-7b4990d525d3', 'Bắp nước (Unnamed: 9_level_0)', 33.0, 'VND', 'Bắp nước', '2025-01-01', '6858ec18-26f4-5391-8911-ba222d0963fb', '6858ec18-26f4-5391-8911-ba222d0963fb');
INSERT INTO public.expense_splits (id, expense_id, user_id, split_method, split_value, computed_amount) VALUES ('6f9940d8-fef0-441e-8b5f-163373159cf8', '69986091-ea29-416f-a5e2-dad29af40a36', '82c3f1f5-5bb5-57b1-8e8b-6dbc5ab50ab9', 'exact', 33.0, 33.0);
INSERT INTO public.expenses (id, context_type, group_id, description, amount, currency, category, expense_date, paid_by_user_id, created_by) VALUES ('630ee45a-edb6-4d1f-a01d-6c5d4d9b67a9', 'group', '887b4ace-3f5a-555b-b257-7b4990d525d3', 'Bắp nước (Unnamed: 9_level_0)', 33.0, 'VND', 'Bắp nước', '2025-01-01', '6858ec18-26f4-5391-8911-ba222d0963fb', '6858ec18-26f4-5391-8911-ba222d0963fb');
INSERT INTO public.expense_splits (id, expense_id, user_id, split_method, split_value, computed_amount) VALUES ('e306af1c-5271-4c92-809f-dec00bfa0f40', '630ee45a-edb6-4d1f-a01d-6c5d4d9b67a9', '6858ec18-26f4-5391-8911-ba222d0963fb', 'exact', 33.0, 33.0);
INSERT INTO public.expenses (id, context_type, group_id, description, amount, currency, category, expense_date, paid_by_user_id, created_by) VALUES ('5ad941c5-ad89-4b31-920d-ce3f7a2c7ab5', 'group', '887b4ace-3f5a-555b-b257-7b4990d525d3', 'Grab (Unnamed: 11_level_0)', 28.0, 'VND', 'Grab', '2025-01-01', '6858ec18-26f4-5391-8911-ba222d0963fb', '6858ec18-26f4-5391-8911-ba222d0963fb');
INSERT INTO public.expense_splits (id, expense_id, user_id, split_method, split_value, computed_amount) VALUES ('548e1406-2382-47d7-b2de-72a58f254ef8', '5ad941c5-ad89-4b31-920d-ce3f7a2c7ab5', '6c5a61c6-7891-50a2-a37b-78ae38c39c02', 'exact', 28.0, 28.0);
INSERT INTO public.expenses (id, context_type, group_id, description, amount, currency, category, expense_date, paid_by_user_id, created_by) VALUES ('354bd409-a545-4dfa-820f-727b945d4ca8', 'group', '887b4ace-3f5a-555b-b257-7b4990d525d3', 'Grab (Unnamed: 11_level_0)', 28.0, 'VND', 'Grab', '2025-01-01', '6858ec18-26f4-5391-8911-ba222d0963fb', '6858ec18-26f4-5391-8911-ba222d0963fb');
INSERT INTO public.expense_splits (id, expense_id, user_id, split_method, split_value, computed_amount) VALUES ('74872f0f-a2e2-4c9c-8564-e9094a37786e', '354bd409-a545-4dfa-820f-727b945d4ca8', '166614ae-eede-5b6a-ae13-bdb4b2601639', 'exact', 28.0, 28.0);
INSERT INTO public.expenses (id, context_type, group_id, description, amount, currency, category, expense_date, paid_by_user_id, created_by) VALUES ('ded7bb9f-339f-461e-bd27-bccc9de42e81', 'group', '887b4ace-3f5a-555b-b257-7b4990d525d3', 'Grab (Unnamed: 11_level_0)', 28.0, 'VND', 'Grab', '2025-01-01', '6858ec18-26f4-5391-8911-ba222d0963fb', '6858ec18-26f4-5391-8911-ba222d0963fb');
INSERT INTO public.expense_splits (id, expense_id, user_id, split_method, split_value, computed_amount) VALUES ('1ef70ada-33db-4738-a7cc-740f248b88ca', 'ded7bb9f-339f-461e-bd27-bccc9de42e81', '17360c26-b252-55ba-aa56-fa0ccda470cc', 'exact', 28.0, 28.0);
INSERT INTO public.expenses (id, context_type, group_id, description, amount, currency, category, expense_date, paid_by_user_id, created_by) VALUES ('bfd98c1d-3a03-40bf-a8b1-4751df64c449', 'group', '887b4ace-3f5a-555b-b257-7b4990d525d3', 'Grab (Unnamed: 11_level_0)', 28.0, 'VND', 'Grab', '2025-01-01', '6858ec18-26f4-5391-8911-ba222d0963fb', '6858ec18-26f4-5391-8911-ba222d0963fb');
INSERT INTO public.expense_splits (id, expense_id, user_id, split_method, split_value, computed_amount) VALUES ('e8e628b7-02a1-4b9b-88ee-866ad158149b', 'bfd98c1d-3a03-40bf-a8b1-4751df64c449', '9fb98854-1059-5f09-bfc9-105061f2ae1e', 'exact', 28.0, 28.0);
INSERT INTO public.expenses (id, context_type, group_id, description, amount, currency, category, expense_date, paid_by_user_id, created_by) VALUES ('0a772d5e-c5cc-40a8-bb96-9c61140533c2', 'group', '887b4ace-3f5a-555b-b257-7b4990d525d3', 'Grab (Unnamed: 11_level_0)', 17.0, 'VND', 'Grab', '2025-01-01', '6858ec18-26f4-5391-8911-ba222d0963fb', '6858ec18-26f4-5391-8911-ba222d0963fb');
INSERT INTO public.expense_splits (id, expense_id, user_id, split_method, split_value, computed_amount) VALUES ('0af4d6a2-7af8-4799-a501-ca65a3d85dc2', '0a772d5e-c5cc-40a8-bb96-9c61140533c2', '576b380d-af43-5590-93c2-6fbbdf9f51bd', 'exact', 17.0, 17.0);
INSERT INTO public.expenses (id, context_type, group_id, description, amount, currency, category, expense_date, paid_by_user_id, created_by) VALUES ('9fbf65ea-bdf0-404e-8dc5-8a6e24e76b60', 'group', '887b4ace-3f5a-555b-b257-7b4990d525d3', 'Grab (Unnamed: 11_level_0)', 28.0, 'VND', 'Grab', '2025-01-01', '6858ec18-26f4-5391-8911-ba222d0963fb', '6858ec18-26f4-5391-8911-ba222d0963fb');
INSERT INTO public.expense_splits (id, expense_id, user_id, split_method, split_value, computed_amount) VALUES ('d183188a-824d-4f3c-b684-e2b9f1e57042', '9fbf65ea-bdf0-404e-8dc5-8a6e24e76b60', '82c3f1f5-5bb5-57b1-8e8b-6dbc5ab50ab9', 'exact', 28.0, 28.0);
INSERT INTO public.expenses (id, context_type, group_id, description, amount, currency, category, expense_date, paid_by_user_id, created_by) VALUES ('1164ef82-89ca-473d-843a-20ca1b467bf2', 'group', '887b4ace-3f5a-555b-b257-7b4990d525d3', 'Grab (Unnamed: 11_level_0)', 28.0, 'VND', 'Grab', '2025-01-01', '6858ec18-26f4-5391-8911-ba222d0963fb', '6858ec18-26f4-5391-8911-ba222d0963fb');
INSERT INTO public.expense_splits (id, expense_id, user_id, split_method, split_value, computed_amount) VALUES ('77c1f925-93be-4446-8082-eb7c366c3c05', '1164ef82-89ca-473d-843a-20ca1b467bf2', '6858ec18-26f4-5391-8911-ba222d0963fb', 'exact', 28.0, 28.0);
INSERT INTO public.expenses (id, context_type, group_id, description, amount, currency, category, expense_date, paid_by_user_id, created_by) VALUES ('00ae045c-78d4-4f40-b66d-2ecbb6c8c3c7', 'group', '887b4ace-3f5a-555b-b257-7b4990d525d3', 'Cà phê (29/08)', 39.0, 'VND', 'Cà phê', '2025-08-29', '6858ec18-26f4-5391-8911-ba222d0963fb', '6858ec18-26f4-5391-8911-ba222d0963fb');
INSERT INTO public.expense_splits (id, expense_id, user_id, split_method, split_value, computed_amount) VALUES ('5c2bc09f-a267-464d-8b48-4429db5513b7', '00ae045c-78d4-4f40-b66d-2ecbb6c8c3c7', '166614ae-eede-5b6a-ae13-bdb4b2601639', 'exact', 39.0, 39.0);
INSERT INTO public.expenses (id, context_type, group_id, description, amount, currency, category, expense_date, paid_by_user_id, created_by) VALUES ('7cbee785-db15-4936-8ef2-64d0f21d96c1', 'group', '887b4ace-3f5a-555b-b257-7b4990d525d3', 'Cà phê (06/10)', 39.0, 'VND', 'Cà phê', '2025-10-06', '6858ec18-26f4-5391-8911-ba222d0963fb', '6858ec18-26f4-5391-8911-ba222d0963fb');
INSERT INTO public.expense_splits (id, expense_id, user_id, split_method, split_value, computed_amount) VALUES ('3a15fd58-c08c-4291-a097-ffd3a271ae5a', '7cbee785-db15-4936-8ef2-64d0f21d96c1', '166614ae-eede-5b6a-ae13-bdb4b2601639', 'exact', 39.0, 39.0);
INSERT INTO public.expenses (id, context_type, group_id, description, amount, currency, category, expense_date, paid_by_user_id, created_by) VALUES ('c9bf542f-c317-4f1c-8c35-c0f9dae52d6b', 'group', '887b4ace-3f5a-555b-b257-7b4990d525d3', 'Cà phê (06/10)', 55.0, 'VND', 'Cà phê', '2025-10-06', '6858ec18-26f4-5391-8911-ba222d0963fb', '6858ec18-26f4-5391-8911-ba222d0963fb');
INSERT INTO public.expense_splits (id, expense_id, user_id, split_method, split_value, computed_amount) VALUES ('a80524b2-277b-42de-b773-6f995e6fa1b9', 'c9bf542f-c317-4f1c-8c35-c0f9dae52d6b', 'f23d423d-2af6-5bad-aed7-1cbe6f0c9221', 'exact', 55.0, 55.0);
INSERT INTO public.expenses (id, context_type, group_id, description, amount, currency, category, expense_date, paid_by_user_id, created_by) VALUES ('e158573a-3ad8-4e2b-827c-2f8a40644357', 'group', '887b4ace-3f5a-555b-b257-7b4990d525d3', 'Cà phê (06/10)', 55.0, 'VND', 'Cà phê', '2025-10-06', '6858ec18-26f4-5391-8911-ba222d0963fb', '6858ec18-26f4-5391-8911-ba222d0963fb');
INSERT INTO public.expense_splits (id, expense_id, user_id, split_method, split_value, computed_amount) VALUES ('62aa6775-06a0-469c-aa29-206bb5d7e2c1', 'e158573a-3ad8-4e2b-827c-2f8a40644357', '54aa4cd7-656b-5705-819d-eec91c7c356c', 'exact', 55.0, 55.0);
INSERT INTO public.expenses (id, context_type, group_id, description, amount, currency, category, expense_date, paid_by_user_id, created_by) VALUES ('3bff7392-0399-4349-ba56-0a997bd5f186', 'group', '887b4ace-3f5a-555b-b257-7b4990d525d3', 'Cà phê (06/10)', 55.0, 'VND', 'Cà phê', '2025-10-06', '6858ec18-26f4-5391-8911-ba222d0963fb', '6858ec18-26f4-5391-8911-ba222d0963fb');
INSERT INTO public.expense_splits (id, expense_id, user_id, split_method, split_value, computed_amount) VALUES ('4d62efbe-34eb-4cb6-97a3-94e778f6bcb6', '3bff7392-0399-4349-ba56-0a997bd5f186', '6858ec18-26f4-5391-8911-ba222d0963fb', 'exact', 55.0, 55.0);
INSERT INTO public.expenses (id, context_type, group_id, description, amount, currency, category, expense_date, paid_by_user_id, created_by) VALUES ('96c603dc-20c5-4ba7-94f9-2cbcebc47365', 'group', '887b4ace-3f5a-555b-b257-7b4990d525d3', 'Ăn Chiều (Unnamed: 2_level_0)', 32.0, 'VND', 'Ăn Chiều', '2025-01-01', '6858ec18-26f4-5391-8911-ba222d0963fb', '6858ec18-26f4-5391-8911-ba222d0963fb');
INSERT INTO public.expense_splits (id, expense_id, user_id, split_method, split_value, computed_amount) VALUES ('6c5cf06e-056c-418f-8200-5cbf28b41488', '96c603dc-20c5-4ba7-94f9-2cbcebc47365', 'f23d423d-2af6-5bad-aed7-1cbe6f0c9221', 'exact', 32.0, 32.0);
INSERT INTO public.expenses (id, context_type, group_id, description, amount, currency, category, expense_date, paid_by_user_id, created_by) VALUES ('08246a00-5c05-4f23-b6d8-fc8abfaa5228', 'group', '887b4ace-3f5a-555b-b257-7b4990d525d3', 'Ăn Chiều (Unnamed: 2_level_0)', 32.0, 'VND', 'Ăn Chiều', '2025-01-01', '6858ec18-26f4-5391-8911-ba222d0963fb', '6858ec18-26f4-5391-8911-ba222d0963fb');
INSERT INTO public.expense_splits (id, expense_id, user_id, split_method, split_value, computed_amount) VALUES ('fe0ee064-9fa2-4a8f-a9a7-6e8c1143b471', '08246a00-5c05-4f23-b6d8-fc8abfaa5228', '6858ec18-26f4-5391-8911-ba222d0963fb', 'exact', 32.0, 32.0);
INSERT INTO public.expenses (id, context_type, group_id, description, amount, currency, category, expense_date, paid_by_user_id, created_by) VALUES ('2a085aab-855c-4f79-b752-16c24d881dc2', 'group', '887b4ace-3f5a-555b-b257-7b4990d525d3', 'Bánh kem (08/10)', 121.0, 'VND', 'Bánh kem', '2025-10-08', '6858ec18-26f4-5391-8911-ba222d0963fb', '6858ec18-26f4-5391-8911-ba222d0963fb');
INSERT INTO public.expense_splits (id, expense_id, user_id, split_method, split_value, computed_amount) VALUES ('638b821b-6cc4-4ce6-9b31-e7bbee692b82', '2a085aab-855c-4f79-b752-16c24d881dc2', '6c5a61c6-7891-50a2-a37b-78ae38c39c02', 'exact', 121.0, 121.0);
INSERT INTO public.expenses (id, context_type, group_id, description, amount, currency, category, expense_date, paid_by_user_id, created_by) VALUES ('4dea8cdf-a6e8-40fd-90dc-f279ab918e75', 'group', '887b4ace-3f5a-555b-b257-7b4990d525d3', 'Bánh kem (08/10)', 121.0, 'VND', 'Bánh kem', '2025-10-08', '6858ec18-26f4-5391-8911-ba222d0963fb', '6858ec18-26f4-5391-8911-ba222d0963fb');
INSERT INTO public.expense_splits (id, expense_id, user_id, split_method, split_value, computed_amount) VALUES ('c9024df3-76d4-4cbc-92f0-545e30558efe', '4dea8cdf-a6e8-40fd-90dc-f279ab918e75', '166614ae-eede-5b6a-ae13-bdb4b2601639', 'exact', 121.0, 121.0);
INSERT INTO public.expenses (id, context_type, group_id, description, amount, currency, category, expense_date, paid_by_user_id, created_by) VALUES ('9d3d8b7a-d295-46ce-a4bc-1244b60403bf', 'group', '887b4ace-3f5a-555b-b257-7b4990d525d3', 'Bánh kem (08/10)', 121.0, 'VND', 'Bánh kem', '2025-10-08', '6858ec18-26f4-5391-8911-ba222d0963fb', '6858ec18-26f4-5391-8911-ba222d0963fb');
INSERT INTO public.expense_splits (id, expense_id, user_id, split_method, split_value, computed_amount) VALUES ('e69427bb-418d-47f9-9bb5-b20baec6263c', '9d3d8b7a-d295-46ce-a4bc-1244b60403bf', '17360c26-b252-55ba-aa56-fa0ccda470cc', 'exact', 121.0, 121.0);
INSERT INTO public.expenses (id, context_type, group_id, description, amount, currency, category, expense_date, paid_by_user_id, created_by) VALUES ('f42f10b6-af63-4249-8518-d0c50ee1613d', 'group', '887b4ace-3f5a-555b-b257-7b4990d525d3', 'Bánh kem (08/10)', 121.0, 'VND', 'Bánh kem', '2025-10-08', '6858ec18-26f4-5391-8911-ba222d0963fb', '6858ec18-26f4-5391-8911-ba222d0963fb');
INSERT INTO public.expense_splits (id, expense_id, user_id, split_method, split_value, computed_amount) VALUES ('85c750b0-1764-4d0b-aaad-4bf183160e73', 'f42f10b6-af63-4249-8518-d0c50ee1613d', '9fb98854-1059-5f09-bfc9-105061f2ae1e', 'exact', 121.0, 121.0);
INSERT INTO public.expenses (id, context_type, group_id, description, amount, currency, category, expense_date, paid_by_user_id, created_by) VALUES ('4cecf198-fa18-48ff-9fd1-5b91320550b0', 'group', '887b4ace-3f5a-555b-b257-7b4990d525d3', 'Bánh kem (08/10)', 121.0, 'VND', 'Bánh kem', '2025-10-08', '6858ec18-26f4-5391-8911-ba222d0963fb', '6858ec18-26f4-5391-8911-ba222d0963fb');
INSERT INTO public.expense_splits (id, expense_id, user_id, split_method, split_value, computed_amount) VALUES ('1ff7b5da-14e6-45dd-a6fb-f0e18320e7ed', '4cecf198-fa18-48ff-9fd1-5b91320550b0', '6858ec18-26f4-5391-8911-ba222d0963fb', 'exact', 121.0, 121.0);
INSERT INTO public.expenses (id, context_type, group_id, description, amount, currency, category, expense_date, paid_by_user_id, created_by) VALUES ('9b6e97b8-b3dc-4f6a-af0b-b87779d9ca2b', 'group', '887b4ace-3f5a-555b-b257-7b4990d525d3', 'Ăn chiều (09/10)', 8.0, 'VND', 'Ăn chiều', '2025-10-09', '6858ec18-26f4-5391-8911-ba222d0963fb', '6858ec18-26f4-5391-8911-ba222d0963fb');
INSERT INTO public.expense_splits (id, expense_id, user_id, split_method, split_value, computed_amount) VALUES ('cac858d1-b866-43e2-b04d-568a884ca018', '9b6e97b8-b3dc-4f6a-af0b-b87779d9ca2b', '6c5a61c6-7891-50a2-a37b-78ae38c39c02', 'exact', 8.0, 8.0);
INSERT INTO public.expenses (id, context_type, group_id, description, amount, currency, category, expense_date, paid_by_user_id, created_by) VALUES ('9855375c-7b7b-4a25-bcfb-8ef35f869d8b', 'group', '887b4ace-3f5a-555b-b257-7b4990d525d3', 'Ăn chiều (09/10)', 20.0, 'VND', 'Ăn chiều', '2025-10-09', '6858ec18-26f4-5391-8911-ba222d0963fb', '6858ec18-26f4-5391-8911-ba222d0963fb');
INSERT INTO public.expense_splits (id, expense_id, user_id, split_method, split_value, computed_amount) VALUES ('4771968e-410f-498f-969a-1b3ba460c9e5', '9855375c-7b7b-4a25-bcfb-8ef35f869d8b', '166614ae-eede-5b6a-ae13-bdb4b2601639', 'exact', 20.0, 20.0);
INSERT INTO public.expenses (id, context_type, group_id, description, amount, currency, category, expense_date, paid_by_user_id, created_by) VALUES ('de72815c-3c69-464c-98b7-92ba225c0f9f', 'group', '887b4ace-3f5a-555b-b257-7b4990d525d3', 'Ăn chiều (09/10)', 16.0, 'VND', 'Ăn chiều', '2025-10-09', '6858ec18-26f4-5391-8911-ba222d0963fb', '6858ec18-26f4-5391-8911-ba222d0963fb');
INSERT INTO public.expense_splits (id, expense_id, user_id, split_method, split_value, computed_amount) VALUES ('d6e32b31-7338-4331-8a8f-b61df9e9e60d', 'de72815c-3c69-464c-98b7-92ba225c0f9f', '9fb98854-1059-5f09-bfc9-105061f2ae1e', 'exact', 16.0, 16.0);
INSERT INTO public.expenses (id, context_type, group_id, description, amount, currency, category, expense_date, paid_by_user_id, created_by) VALUES ('386f6e45-5f71-4723-8ac5-44c83f6939e6', 'group', '887b4ace-3f5a-555b-b257-7b4990d525d3', 'Ăn chiều (09/10)', 16.0, 'VND', 'Ăn chiều', '2025-10-09', '6858ec18-26f4-5391-8911-ba222d0963fb', '6858ec18-26f4-5391-8911-ba222d0963fb');
INSERT INTO public.expense_splits (id, expense_id, user_id, split_method, split_value, computed_amount) VALUES ('7ed1310d-20ad-45ef-8d8b-53a89ed85a90', '386f6e45-5f71-4723-8ac5-44c83f6939e6', 'f23d423d-2af6-5bad-aed7-1cbe6f0c9221', 'exact', 16.0, 16.0);
INSERT INTO public.expenses (id, context_type, group_id, description, amount, currency, category, expense_date, paid_by_user_id, created_by) VALUES ('5dc40345-21ab-4cb5-9d38-b924700136ae', 'group', '887b4ace-3f5a-555b-b257-7b4990d525d3', 'Ăn chiều (09/10)', 16.0, 'VND', 'Ăn chiều', '2025-10-09', '6858ec18-26f4-5391-8911-ba222d0963fb', '6858ec18-26f4-5391-8911-ba222d0963fb');
INSERT INTO public.expense_splits (id, expense_id, user_id, split_method, split_value, computed_amount) VALUES ('54f7382a-4e84-4be3-9499-46cfd439bf0b', '5dc40345-21ab-4cb5-9d38-b924700136ae', '54aa4cd7-656b-5705-819d-eec91c7c356c', 'exact', 16.0, 16.0);
INSERT INTO public.expenses (id, context_type, group_id, description, amount, currency, category, expense_date, paid_by_user_id, created_by) VALUES ('dba046c2-5505-43d6-ab1f-620c68c67334', 'group', '887b4ace-3f5a-555b-b257-7b4990d525d3', 'Ăn chiều (09/10)', 20.0, 'VND', 'Ăn chiều', '2025-10-09', '6858ec18-26f4-5391-8911-ba222d0963fb', '6858ec18-26f4-5391-8911-ba222d0963fb');
INSERT INTO public.expense_splits (id, expense_id, user_id, split_method, split_value, computed_amount) VALUES ('e3e33a7c-5ef5-44da-a14a-d05d91e6d68e', 'dba046c2-5505-43d6-ab1f-620c68c67334', '82c3f1f5-5bb5-57b1-8e8b-6dbc5ab50ab9', 'exact', 20.0, 20.0);
INSERT INTO public.expenses (id, context_type, group_id, description, amount, currency, category, expense_date, paid_by_user_id, created_by) VALUES ('584e0041-c3bc-4901-8008-35fe773bfd81', 'group', '887b4ace-3f5a-555b-b257-7b4990d525d3', 'Ăn chiều (09/10)', 16.0, 'VND', 'Ăn chiều', '2025-10-09', '6858ec18-26f4-5391-8911-ba222d0963fb', '6858ec18-26f4-5391-8911-ba222d0963fb');
INSERT INTO public.expense_splits (id, expense_id, user_id, split_method, split_value, computed_amount) VALUES ('01955797-9482-4803-815a-d786679c37f6', '584e0041-c3bc-4901-8008-35fe773bfd81', '6858ec18-26f4-5391-8911-ba222d0963fb', 'exact', 16.0, 16.0);
INSERT INTO public.expenses (id, context_type, group_id, description, amount, currency, category, expense_date, paid_by_user_id, created_by) VALUES ('64d96dc4-93b4-47b8-a939-ee615a0891b3', 'group', '887b4ace-3f5a-555b-b257-7b4990d525d3', 'Icnoud (10/10)', 50.0, 'VND', 'Icnoud', '2025-10-10', '6858ec18-26f4-5391-8911-ba222d0963fb', '6858ec18-26f4-5391-8911-ba222d0963fb');
INSERT INTO public.expense_splits (id, expense_id, user_id, split_method, split_value, computed_amount) VALUES ('ea211685-ea09-4b36-b8c8-d3724a3e061d', '64d96dc4-93b4-47b8-a939-ee615a0891b3', '166614ae-eede-5b6a-ae13-bdb4b2601639', 'exact', 50.0, 50.0);
INSERT INTO public.expenses (id, context_type, group_id, description, amount, currency, category, expense_date, paid_by_user_id, created_by) VALUES ('8291b9ec-65e1-466b-aa1a-cda2e77bcb93', 'group', '887b4ace-3f5a-555b-b257-7b4990d525d3', 'Icnoud (10/10)', 50.0, 'VND', 'Icnoud', '2025-10-10', '6858ec18-26f4-5391-8911-ba222d0963fb', '6858ec18-26f4-5391-8911-ba222d0963fb');
INSERT INTO public.expense_splits (id, expense_id, user_id, split_method, split_value, computed_amount) VALUES ('1d7a658c-eb7a-4d7c-9a9f-8cb922880544', '8291b9ec-65e1-466b-aa1a-cda2e77bcb93', '17360c26-b252-55ba-aa56-fa0ccda470cc', 'exact', 50.0, 50.0);
INSERT INTO public.expenses (id, context_type, group_id, description, amount, currency, category, expense_date, paid_by_user_id, created_by) VALUES ('7691257e-ac7a-4939-b624-26105010c90f', 'group', '887b4ace-3f5a-555b-b257-7b4990d525d3', 'Icnoud (10/10)', 50.0, 'VND', 'Icnoud', '2025-10-10', '6858ec18-26f4-5391-8911-ba222d0963fb', '6858ec18-26f4-5391-8911-ba222d0963fb');
INSERT INTO public.expense_splits (id, expense_id, user_id, split_method, split_value, computed_amount) VALUES ('e727953a-572f-48ce-92ce-160e4d7932ff', '7691257e-ac7a-4939-b624-26105010c90f', '9fb98854-1059-5f09-bfc9-105061f2ae1e', 'exact', 50.0, 50.0);
INSERT INTO public.expenses (id, context_type, group_id, description, amount, currency, category, expense_date, paid_by_user_id, created_by) VALUES ('df2cda82-1d7d-46ac-b09d-e442161a4975', 'group', '887b4ace-3f5a-555b-b257-7b4990d525d3', 'Icnoud (10/10)', 50.0, 'VND', 'Icnoud', '2025-10-10', '6858ec18-26f4-5391-8911-ba222d0963fb', '6858ec18-26f4-5391-8911-ba222d0963fb');
INSERT INTO public.expense_splits (id, expense_id, user_id, split_method, split_value, computed_amount) VALUES ('8c1e33a4-073b-4319-b586-72aa8b3aa088', 'df2cda82-1d7d-46ac-b09d-e442161a4975', '6858ec18-26f4-5391-8911-ba222d0963fb', 'exact', 50.0, 50.0);
INSERT INTO public.expenses (id, context_type, group_id, description, amount, currency, category, expense_date, paid_by_user_id, created_by) VALUES ('521e1cbc-3b98-4065-adcd-6a1fcf568ff4', 'group', '887b4ace-3f5a-555b-b257-7b4990d525d3', 'Cơm trưa (Unnamed: 5_level_0)', 75.0, 'VND', 'Cơm trưa', '2025-01-01', '6858ec18-26f4-5391-8911-ba222d0963fb', '6858ec18-26f4-5391-8911-ba222d0963fb');
INSERT INTO public.expense_splits (id, expense_id, user_id, split_method, split_value, computed_amount) VALUES ('23058ad5-79c3-4c3f-b8d2-f3b522db3cf9', '521e1cbc-3b98-4065-adcd-6a1fcf568ff4', '6c5a61c6-7891-50a2-a37b-78ae38c39c02', 'exact', 75.0, 75.0);
INSERT INTO public.expenses (id, context_type, group_id, description, amount, currency, category, expense_date, paid_by_user_id, created_by) VALUES ('ec952395-5f9a-4a05-ab24-0686ec2cc806', 'group', '887b4ace-3f5a-555b-b257-7b4990d525d3', 'Cơm trưa (Unnamed: 5_level_0)', 65.0, 'VND', 'Cơm trưa', '2025-01-01', '6858ec18-26f4-5391-8911-ba222d0963fb', '6858ec18-26f4-5391-8911-ba222d0963fb');
INSERT INTO public.expense_splits (id, expense_id, user_id, split_method, split_value, computed_amount) VALUES ('15f23cb0-d597-4b28-92c4-ddbe686a036f', 'ec952395-5f9a-4a05-ab24-0686ec2cc806', '166614ae-eede-5b6a-ae13-bdb4b2601639', 'exact', 65.0, 65.0);
INSERT INTO public.expenses (id, context_type, group_id, description, amount, currency, category, expense_date, paid_by_user_id, created_by) VALUES ('1e5905d3-8edb-457e-bdbd-0482bf6ad845', 'group', '887b4ace-3f5a-555b-b257-7b4990d525d3', 'Cơm trưa (Unnamed: 5_level_0)', 45.0, 'VND', 'Cơm trưa', '2025-01-01', '6858ec18-26f4-5391-8911-ba222d0963fb', '6858ec18-26f4-5391-8911-ba222d0963fb');
INSERT INTO public.expense_splits (id, expense_id, user_id, split_method, split_value, computed_amount) VALUES ('e27f092f-d827-493b-aa50-3ed59dd3403b', '1e5905d3-8edb-457e-bdbd-0482bf6ad845', '17360c26-b252-55ba-aa56-fa0ccda470cc', 'exact', 45.0, 45.0);
INSERT INTO public.expenses (id, context_type, group_id, description, amount, currency, category, expense_date, paid_by_user_id, created_by) VALUES ('6cf460c6-f7a4-420e-9188-222c64af8e37', 'group', '887b4ace-3f5a-555b-b257-7b4990d525d3', 'Cơm trưa (Unnamed: 5_level_0)', 45.0, 'VND', 'Cơm trưa', '2025-01-01', '6858ec18-26f4-5391-8911-ba222d0963fb', '6858ec18-26f4-5391-8911-ba222d0963fb');
INSERT INTO public.expense_splits (id, expense_id, user_id, split_method, split_value, computed_amount) VALUES ('b66e8b39-0683-48de-9fb8-01653ce8a40a', '6cf460c6-f7a4-420e-9188-222c64af8e37', '9fb98854-1059-5f09-bfc9-105061f2ae1e', 'exact', 45.0, 45.0);
INSERT INTO public.expenses (id, context_type, group_id, description, amount, currency, category, expense_date, paid_by_user_id, created_by) VALUES ('4e82de9a-a9fd-4ba7-8f3b-6d43d591ffa1', 'group', '887b4ace-3f5a-555b-b257-7b4990d525d3', 'Cơm trưa (Unnamed: 5_level_0)', 45.0, 'VND', 'Cơm trưa', '2025-01-01', '6858ec18-26f4-5391-8911-ba222d0963fb', '6858ec18-26f4-5391-8911-ba222d0963fb');
INSERT INTO public.expense_splits (id, expense_id, user_id, split_method, split_value, computed_amount) VALUES ('370a3e6c-1324-4ce9-aef8-0dcc92fcc5a1', '4e82de9a-a9fd-4ba7-8f3b-6d43d591ffa1', '6f6fcf5b-d63a-5982-a325-d518ca136c51', 'exact', 45.0, 45.0);
INSERT INTO public.expenses (id, context_type, group_id, description, amount, currency, category, expense_date, paid_by_user_id, created_by) VALUES ('028f7cb2-5357-44f3-bbe5-827ac77d9c44', 'group', '887b4ace-3f5a-555b-b257-7b4990d525d3', 'Cơm trưa (Unnamed: 5_level_0)', 20.0, 'VND', 'Cơm trưa', '2025-01-01', '6858ec18-26f4-5391-8911-ba222d0963fb', '6858ec18-26f4-5391-8911-ba222d0963fb');
INSERT INTO public.expense_splits (id, expense_id, user_id, split_method, split_value, computed_amount) VALUES ('aa5e549e-2910-4749-8846-5b1f7e30f541', '028f7cb2-5357-44f3-bbe5-827ac77d9c44', '576b380d-af43-5590-93c2-6fbbdf9f51bd', 'exact', 20.0, 20.0);
INSERT INTO public.expenses (id, context_type, group_id, description, amount, currency, category, expense_date, paid_by_user_id, created_by) VALUES ('4772b2eb-29a5-4b7c-a193-6ecb35e6bde0', 'group', '887b4ace-3f5a-555b-b257-7b4990d525d3', 'Cơm trưa (Unnamed: 5_level_0)', 45.0, 'VND', 'Cơm trưa', '2025-01-01', '6858ec18-26f4-5391-8911-ba222d0963fb', '6858ec18-26f4-5391-8911-ba222d0963fb');
INSERT INTO public.expense_splits (id, expense_id, user_id, split_method, split_value, computed_amount) VALUES ('db72cab2-262b-46a7-a28e-b75ee36abf8b', '4772b2eb-29a5-4b7c-a193-6ecb35e6bde0', 'ea515426-5b85-5aba-a7a0-ea47c72537a1', 'exact', 45.0, 45.0);
INSERT INTO public.expenses (id, context_type, group_id, description, amount, currency, category, expense_date, paid_by_user_id, created_by) VALUES ('68286f83-8db0-4c6f-881a-3abcc225cf29', 'group', '887b4ace-3f5a-555b-b257-7b4990d525d3', 'Cơm trưa (Unnamed: 5_level_0)', 65.0, 'VND', 'Cơm trưa', '2025-01-01', '6858ec18-26f4-5391-8911-ba222d0963fb', '6858ec18-26f4-5391-8911-ba222d0963fb');
INSERT INTO public.expense_splits (id, expense_id, user_id, split_method, split_value, computed_amount) VALUES ('bad6a170-c5d2-4968-9ff3-1241546b1417', '68286f83-8db0-4c6f-881a-3abcc225cf29', '0f0d0761-b17e-5fdc-b878-7606d2eef7cb', 'exact', 65.0, 65.0);
INSERT INTO public.expenses (id, context_type, group_id, description, amount, currency, category, expense_date, paid_by_user_id, created_by) VALUES ('eacd141f-b58f-4eee-982c-06c0c904fa20', 'group', '887b4ace-3f5a-555b-b257-7b4990d525d3', 'Cơm trưa (Unnamed: 5_level_0)', 40.0, 'VND', 'Cơm trưa', '2025-01-01', '6858ec18-26f4-5391-8911-ba222d0963fb', '6858ec18-26f4-5391-8911-ba222d0963fb');
INSERT INTO public.expense_splits (id, expense_id, user_id, split_method, split_value, computed_amount) VALUES ('1aba7c59-ba37-491b-a47f-acfd5648d2a9', 'eacd141f-b58f-4eee-982c-06c0c904fa20', '82c3f1f5-5bb5-57b1-8e8b-6dbc5ab50ab9', 'exact', 40.0, 40.0);
INSERT INTO public.expenses (id, context_type, group_id, description, amount, currency, category, expense_date, paid_by_user_id, created_by) VALUES ('4c1dfc4a-db22-488b-a4c1-c12930470a4b', 'group', '887b4ace-3f5a-555b-b257-7b4990d525d3', 'Cơm trưa (Unnamed: 5_level_0)', 65.0, 'VND', 'Cơm trưa', '2025-01-01', '6858ec18-26f4-5391-8911-ba222d0963fb', '6858ec18-26f4-5391-8911-ba222d0963fb');
INSERT INTO public.expense_splits (id, expense_id, user_id, split_method, split_value, computed_amount) VALUES ('5ccb8bad-c693-4916-834c-ca0b465e75d1', '4c1dfc4a-db22-488b-a4c1-c12930470a4b', '6858ec18-26f4-5391-8911-ba222d0963fb', 'exact', 65.0, 65.0);
INSERT INTO public.expenses (id, context_type, group_id, description, amount, currency, category, expense_date, paid_by_user_id, created_by) VALUES ('d32eb377-1aef-4ca8-b1f6-5447f3c4f2aa', 'group', '887b4ace-3f5a-555b-b257-7b4990d525d3', 'Cà phê (29/10)', 50.0, 'VND', 'Cà phê', '2025-10-29', '6858ec18-26f4-5391-8911-ba222d0963fb', '6858ec18-26f4-5391-8911-ba222d0963fb');
INSERT INTO public.expense_splits (id, expense_id, user_id, split_method, split_value, computed_amount) VALUES ('45ff8f0f-9f6f-4490-8b3f-c968cd5f4741', 'd32eb377-1aef-4ca8-b1f6-5447f3c4f2aa', '166614ae-eede-5b6a-ae13-bdb4b2601639', 'exact', 50.0, 50.0);
INSERT INTO public.expenses (id, context_type, group_id, description, amount, currency, category, expense_date, paid_by_user_id, created_by) VALUES ('ea4ad6ac-74be-4056-add0-78b4d059d134', 'group', '887b4ace-3f5a-555b-b257-7b4990d525d3', 'Cơm trưa (Unnamed: 8_level_0)', 39.0, 'VND', 'Cơm trưa', '2025-01-01', '6858ec18-26f4-5391-8911-ba222d0963fb', '6858ec18-26f4-5391-8911-ba222d0963fb');
INSERT INTO public.expense_splits (id, expense_id, user_id, split_method, split_value, computed_amount) VALUES ('5e9fcc7a-cbde-470c-8da5-e24636dd86f2', 'ea4ad6ac-74be-4056-add0-78b4d059d134', '166614ae-eede-5b6a-ae13-bdb4b2601639', 'exact', 39.0, 39.0);
INSERT INTO public.expenses (id, context_type, group_id, description, amount, currency, category, expense_date, paid_by_user_id, created_by) VALUES ('81bcef7c-26e2-41df-8dd7-9efffcff7e0a', 'group', '887b4ace-3f5a-555b-b257-7b4990d525d3', 'Cơm trưa (Unnamed: 8_level_0)', 39.0, 'VND', 'Cơm trưa', '2025-01-01', '6858ec18-26f4-5391-8911-ba222d0963fb', '6858ec18-26f4-5391-8911-ba222d0963fb');
INSERT INTO public.expense_splits (id, expense_id, user_id, split_method, split_value, computed_amount) VALUES ('4d286eb6-0cc2-4795-a366-514472222b30', '81bcef7c-26e2-41df-8dd7-9efffcff7e0a', '17360c26-b252-55ba-aa56-fa0ccda470cc', 'exact', 39.0, 39.0);
INSERT INTO public.expenses (id, context_type, group_id, description, amount, currency, category, expense_date, paid_by_user_id, created_by) VALUES ('fe9fd888-9a1f-49f7-86fd-11fd8f655da3', 'group', '887b4ace-3f5a-555b-b257-7b4990d525d3', 'Cơm trưa (Unnamed: 8_level_0)', 66.0, 'VND', 'Cơm trưa', '2025-01-01', '6858ec18-26f4-5391-8911-ba222d0963fb', '6858ec18-26f4-5391-8911-ba222d0963fb');
INSERT INTO public.expense_splits (id, expense_id, user_id, split_method, split_value, computed_amount) VALUES ('19b8b2d7-8156-4feb-9d81-3de00c6165c7', 'fe9fd888-9a1f-49f7-86fd-11fd8f655da3', '54aa4cd7-656b-5705-819d-eec91c7c356c', 'exact', 66.0, 66.0);
INSERT INTO public.expenses (id, context_type, group_id, description, amount, currency, category, expense_date, paid_by_user_id, created_by) VALUES ('75e36ee5-2e48-4af9-a921-e38d1e8ad682', 'group', '887b4ace-3f5a-555b-b257-7b4990d525d3', 'Cơm trưa (Unnamed: 8_level_0)', 42.0, 'VND', 'Cơm trưa', '2025-01-01', '6858ec18-26f4-5391-8911-ba222d0963fb', '6858ec18-26f4-5391-8911-ba222d0963fb');
INSERT INTO public.expense_splits (id, expense_id, user_id, split_method, split_value, computed_amount) VALUES ('87f4622e-37ca-40e1-b777-42408ace2cf5', '75e36ee5-2e48-4af9-a921-e38d1e8ad682', 'ea515426-5b85-5aba-a7a0-ea47c72537a1', 'exact', 42.0, 42.0);
INSERT INTO public.expenses (id, context_type, group_id, description, amount, currency, category, expense_date, paid_by_user_id, created_by) VALUES ('ffc36341-adca-4641-bf9a-9f36a0d5ef7e', 'group', '887b4ace-3f5a-555b-b257-7b4990d525d3', 'Cơm trưa (Unnamed: 8_level_0)', 59.0, 'VND', 'Cơm trưa', '2025-01-01', '6858ec18-26f4-5391-8911-ba222d0963fb', '6858ec18-26f4-5391-8911-ba222d0963fb');
INSERT INTO public.expense_splits (id, expense_id, user_id, split_method, split_value, computed_amount) VALUES ('173f4cb0-b6d4-4276-a6ff-502bcb929518', 'ffc36341-adca-4641-bf9a-9f36a0d5ef7e', '82c3f1f5-5bb5-57b1-8e8b-6dbc5ab50ab9', 'exact', 59.0, 59.0);
INSERT INTO public.expenses (id, context_type, group_id, description, amount, currency, category, expense_date, paid_by_user_id, created_by) VALUES ('4c80fe9a-3ce8-4682-8bc6-0aee428b178b', 'group', '887b4ace-3f5a-555b-b257-7b4990d525d3', 'Cơm trưa (Unnamed: 8_level_0)', 42.0, 'VND', 'Cơm trưa', '2025-01-01', '6858ec18-26f4-5391-8911-ba222d0963fb', '6858ec18-26f4-5391-8911-ba222d0963fb');
INSERT INTO public.expense_splits (id, expense_id, user_id, split_method, split_value, computed_amount) VALUES ('e4f7f6a7-26cc-485a-8d80-042fe6ae7f3c', '4c80fe9a-3ce8-4682-8bc6-0aee428b178b', '6729d5a3-cc43-5a84-a910-9c8495afe1b6', 'exact', 42.0, 42.0);
INSERT INTO public.expenses (id, context_type, group_id, description, amount, currency, category, expense_date, paid_by_user_id, created_by) VALUES ('ee945973-b765-4d06-948d-32e2ebaba64f', 'group', '887b4ace-3f5a-555b-b257-7b4990d525d3', 'Cơm trưa (Unnamed: 8_level_0)', 42.0, 'VND', 'Cơm trưa', '2025-01-01', '6858ec18-26f4-5391-8911-ba222d0963fb', '6858ec18-26f4-5391-8911-ba222d0963fb');
INSERT INTO public.expense_splits (id, expense_id, user_id, split_method, split_value, computed_amount) VALUES ('f43a4d8f-893e-452d-89ee-9541a5caf4d4', 'ee945973-b765-4d06-948d-32e2ebaba64f', '2e14b6a1-9966-5623-a3e3-92c1a151ac6d', 'exact', 42.0, 42.0);
INSERT INTO public.expenses (id, context_type, group_id, description, amount, currency, category, expense_date, paid_by_user_id, created_by) VALUES ('5f044843-0605-43fd-aad2-e1de103b583d', 'group', '887b4ace-3f5a-555b-b257-7b4990d525d3', 'Cơm trưa (Unnamed: 8_level_0)', 59.0, 'VND', 'Cơm trưa', '2025-01-01', '6858ec18-26f4-5391-8911-ba222d0963fb', '6858ec18-26f4-5391-8911-ba222d0963fb');
INSERT INTO public.expense_splits (id, expense_id, user_id, split_method, split_value, computed_amount) VALUES ('523d2400-44a2-4a83-86a1-066909207d6c', '5f044843-0605-43fd-aad2-e1de103b583d', '6858ec18-26f4-5391-8911-ba222d0963fb', 'exact', 59.0, 59.0);
INSERT INTO public.expenses (id, context_type, group_id, description, amount, currency, category, expense_date, paid_by_user_id, created_by) VALUES ('d233aa3d-0498-401c-a28d-95f1c1038b08', 'group', '887b4ace-3f5a-555b-b257-7b4990d525d3', 'Cà phê (30/10)', 63.0, 'VND', 'Cà phê', '2025-10-30', '6858ec18-26f4-5391-8911-ba222d0963fb', '6858ec18-26f4-5391-8911-ba222d0963fb');
INSERT INTO public.expense_splits (id, expense_id, user_id, split_method, split_value, computed_amount) VALUES ('ba153534-d922-4431-9e0b-d34e06eea3be', 'd233aa3d-0498-401c-a28d-95f1c1038b08', '166614ae-eede-5b6a-ae13-bdb4b2601639', 'exact', 63.0, 63.0);
INSERT INTO public.expenses (id, context_type, group_id, description, amount, currency, category, expense_date, paid_by_user_id, created_by) VALUES ('9e37af84-55b9-415b-bba6-1fa8597cc902', 'group', '887b4ace-3f5a-555b-b257-7b4990d525d3', 'Cà phê (30/10)', 55.0, 'VND', 'Cà phê', '2025-10-30', '6858ec18-26f4-5391-8911-ba222d0963fb', '6858ec18-26f4-5391-8911-ba222d0963fb');
INSERT INTO public.expense_splits (id, expense_id, user_id, split_method, split_value, computed_amount) VALUES ('26f7419d-d250-42ed-a592-0ea7bf841ca3', '9e37af84-55b9-415b-bba6-1fa8597cc902', 'f23d423d-2af6-5bad-aed7-1cbe6f0c9221', 'exact', 55.0, 55.0);
INSERT INTO public.expenses (id, context_type, group_id, description, amount, currency, category, expense_date, paid_by_user_id, created_by) VALUES ('14babe5f-e851-4a3b-97f4-0d62478c6b7a', 'group', '887b4ace-3f5a-555b-b257-7b4990d525d3', 'Cà phê (30/10)', 55.0, 'VND', 'Cà phê', '2025-10-30', '6858ec18-26f4-5391-8911-ba222d0963fb', '6858ec18-26f4-5391-8911-ba222d0963fb');
INSERT INTO public.expense_splits (id, expense_id, user_id, split_method, split_value, computed_amount) VALUES ('2835cc1a-d036-496c-885c-b125f364b2bb', '14babe5f-e851-4a3b-97f4-0d62478c6b7a', '6858ec18-26f4-5391-8911-ba222d0963fb', 'exact', 55.0, 55.0);
INSERT INTO public.expenses (id, context_type, group_id, description, amount, currency, category, expense_date, paid_by_user_id, created_by) VALUES ('f7877760-a957-42b9-af34-b482741140a5', 'group', '887b4ace-3f5a-555b-b257-7b4990d525d3', 'Ăn tối (Unnamed: 14_level_0)', 69.0, 'VND', 'Ăn tối', '2025-01-01', '6858ec18-26f4-5391-8911-ba222d0963fb', '6858ec18-26f4-5391-8911-ba222d0963fb');
INSERT INTO public.expense_splits (id, expense_id, user_id, split_method, split_value, computed_amount) VALUES ('a2887f87-87e5-406e-83dd-409dfb6f0659', 'f7877760-a957-42b9-af34-b482741140a5', '166614ae-eede-5b6a-ae13-bdb4b2601639', 'exact', 69.0, 69.0);
INSERT INTO public.expenses (id, context_type, group_id, description, amount, currency, category, expense_date, paid_by_user_id, created_by) VALUES ('cb0058dc-f69d-4988-971f-fb57af5d1eec', 'group', '887b4ace-3f5a-555b-b257-7b4990d525d3', 'Ăn tối (Unnamed: 14_level_0)', 49.0, 'VND', 'Ăn tối', '2025-01-01', '6858ec18-26f4-5391-8911-ba222d0963fb', '6858ec18-26f4-5391-8911-ba222d0963fb');
INSERT INTO public.expense_splits (id, expense_id, user_id, split_method, split_value, computed_amount) VALUES ('9da85e9a-5fef-48db-b6cf-7a3e02c98562', 'cb0058dc-f69d-4988-971f-fb57af5d1eec', '17360c26-b252-55ba-aa56-fa0ccda470cc', 'exact', 49.0, 49.0);
INSERT INTO public.expenses (id, context_type, group_id, description, amount, currency, category, expense_date, paid_by_user_id, created_by) VALUES ('6ada5712-ff71-423e-829c-5aa58f98c39d', 'group', '887b4ace-3f5a-555b-b257-7b4990d525d3', 'Ăn tối (Unnamed: 14_level_0)', 44.0, 'VND', 'Ăn tối', '2025-01-01', '6858ec18-26f4-5391-8911-ba222d0963fb', '6858ec18-26f4-5391-8911-ba222d0963fb');
INSERT INTO public.expense_splits (id, expense_id, user_id, split_method, split_value, computed_amount) VALUES ('da1a061d-e467-4e7e-bc90-e546f1167845', '6ada5712-ff71-423e-829c-5aa58f98c39d', '9fb98854-1059-5f09-bfc9-105061f2ae1e', 'exact', 44.0, 44.0);
INSERT INTO public.expenses (id, context_type, group_id, description, amount, currency, category, expense_date, paid_by_user_id, created_by) VALUES ('06397f53-7bd7-4734-bebe-832157301b91', 'group', '887b4ace-3f5a-555b-b257-7b4990d525d3', 'Ăn tối (Unnamed: 14_level_0)', 44.0, 'VND', 'Ăn tối', '2025-01-01', '6858ec18-26f4-5391-8911-ba222d0963fb', '6858ec18-26f4-5391-8911-ba222d0963fb');
INSERT INTO public.expense_splits (id, expense_id, user_id, split_method, split_value, computed_amount) VALUES ('d2a7fddc-5e66-4a0c-9a77-96530e4b1ef3', '06397f53-7bd7-4734-bebe-832157301b91', '576b380d-af43-5590-93c2-6fbbdf9f51bd', 'exact', 44.0, 44.0);
INSERT INTO public.expenses (id, context_type, group_id, description, amount, currency, category, expense_date, paid_by_user_id, created_by) VALUES ('003e7d2d-1dca-4c86-ac6c-8e007dbbd382', 'group', '887b4ace-3f5a-555b-b257-7b4990d525d3', 'Ăn tối (Unnamed: 14_level_0)', 54.0, 'VND', 'Ăn tối', '2025-01-01', '6858ec18-26f4-5391-8911-ba222d0963fb', '6858ec18-26f4-5391-8911-ba222d0963fb');
INSERT INTO public.expense_splits (id, expense_id, user_id, split_method, split_value, computed_amount) VALUES ('255d4a15-c022-4cdd-96e9-36109b4bb292', '003e7d2d-1dca-4c86-ac6c-8e007dbbd382', 'ea515426-5b85-5aba-a7a0-ea47c72537a1', 'exact', 54.0, 54.0);
INSERT INTO public.expenses (id, context_type, group_id, description, amount, currency, category, expense_date, paid_by_user_id, created_by) VALUES ('1294dc08-3e50-4d5d-8c44-7048624785e2', 'group', '887b4ace-3f5a-555b-b257-7b4990d525d3', 'Ăn tối (Unnamed: 14_level_0)', 69.0, 'VND', 'Ăn tối', '2025-01-01', '6858ec18-26f4-5391-8911-ba222d0963fb', '6858ec18-26f4-5391-8911-ba222d0963fb');
INSERT INTO public.expense_splits (id, expense_id, user_id, split_method, split_value, computed_amount) VALUES ('fbcfa228-db2a-4376-9d78-f939dd665200', '1294dc08-3e50-4d5d-8c44-7048624785e2', '6858ec18-26f4-5391-8911-ba222d0963fb', 'exact', 69.0, 69.0);
INSERT INTO public.expenses (id, context_type, group_id, description, amount, currency, category, expense_date, paid_by_user_id, created_by) VALUES ('3132bce7-cb95-47b6-9e1c-a2fda338f113', 'group', '887b4ace-3f5a-555b-b257-7b4990d525d3', 'Cà phê (01/04)', 24.0, 'VND', 'Cà phê', '2025-04-01', '6858ec18-26f4-5391-8911-ba222d0963fb', '6858ec18-26f4-5391-8911-ba222d0963fb');
INSERT INTO public.expense_splits (id, expense_id, user_id, split_method, split_value, computed_amount) VALUES ('97f4c7ac-a432-4670-b845-b99ead0edd8d', '3132bce7-cb95-47b6-9e1c-a2fda338f113', '166614ae-eede-5b6a-ae13-bdb4b2601639', 'exact', 24.0, 24.0);
INSERT INTO public.expenses (id, context_type, group_id, description, amount, currency, category, expense_date, paid_by_user_id, created_by) VALUES ('05723483-671f-421e-826d-3b79330e5a9a', 'group', '887b4ace-3f5a-555b-b257-7b4990d525d3', 'Cà phê (01/04)', 62.0, 'VND', 'Cà phê', '2025-04-01', '6858ec18-26f4-5391-8911-ba222d0963fb', '6858ec18-26f4-5391-8911-ba222d0963fb');
INSERT INTO public.expense_splits (id, expense_id, user_id, split_method, split_value, computed_amount) VALUES ('5008e1bd-2f86-46f3-95ea-983feddfb0cd', '05723483-671f-421e-826d-3b79330e5a9a', 'ea515426-5b85-5aba-a7a0-ea47c72537a1', 'exact', 62.0, 62.0);
INSERT INTO public.expenses (id, context_type, group_id, description, amount, currency, category, expense_date, paid_by_user_id, created_by) VALUES ('1765b15a-13f1-48d6-a150-08f1c066f795', 'group', '887b4ace-3f5a-555b-b257-7b4990d525d3', 'Cà phê (01/04)', 30.0, 'VND', 'Cà phê', '2025-04-01', '6858ec18-26f4-5391-8911-ba222d0963fb', '6858ec18-26f4-5391-8911-ba222d0963fb');
INSERT INTO public.expense_splits (id, expense_id, user_id, split_method, split_value, computed_amount) VALUES ('d3099d81-6b90-492e-85f9-4e777452103b', '1765b15a-13f1-48d6-a150-08f1c066f795', '6858ec18-26f4-5391-8911-ba222d0963fb', 'exact', 30.0, 30.0);
INSERT INTO public.expenses (id, context_type, group_id, description, amount, currency, category, expense_date, paid_by_user_id, created_by) VALUES ('72abc44e-3fec-4bd6-a6d4-a09b6f9ea426', 'group', '887b4ace-3f5a-555b-b257-7b4990d525d3', 'Cà phê (02/04)', 28.0, 'VND', 'Cà phê', '2025-04-02', '6858ec18-26f4-5391-8911-ba222d0963fb', '6858ec18-26f4-5391-8911-ba222d0963fb');
INSERT INTO public.expense_splits (id, expense_id, user_id, split_method, split_value, computed_amount) VALUES ('bbca75b9-7c4d-4023-8d94-d76d7098428c', '72abc44e-3fec-4bd6-a6d4-a09b6f9ea426', '166614ae-eede-5b6a-ae13-bdb4b2601639', 'exact', 28.0, 28.0);
INSERT INTO public.expenses (id, context_type, group_id, description, amount, currency, category, expense_date, paid_by_user_id, created_by) VALUES ('2beb8f07-f6d2-4470-9a61-770410e68175', 'group', '887b4ace-3f5a-555b-b257-7b4990d525d3', 'Cà phê (02/04)', 35.0, 'VND', 'Cà phê', '2025-04-02', '6858ec18-26f4-5391-8911-ba222d0963fb', '6858ec18-26f4-5391-8911-ba222d0963fb');
INSERT INTO public.expense_splits (id, expense_id, user_id, split_method, split_value, computed_amount) VALUES ('3f90e101-aeca-44fe-a432-cfdef68c6a70', '2beb8f07-f6d2-4470-9a61-770410e68175', 'ea515426-5b85-5aba-a7a0-ea47c72537a1', 'exact', 35.0, 35.0);
INSERT INTO public.expenses (id, context_type, group_id, description, amount, currency, category, expense_date, paid_by_user_id, created_by) VALUES ('5f185316-b806-4732-9993-f502b35d4e07', 'group', '887b4ace-3f5a-555b-b257-7b4990d525d3', 'Cà phê (02/04)', 35.0, 'VND', 'Cà phê', '2025-04-02', '6858ec18-26f4-5391-8911-ba222d0963fb', '6858ec18-26f4-5391-8911-ba222d0963fb');
INSERT INTO public.expense_splits (id, expense_id, user_id, split_method, split_value, computed_amount) VALUES ('af156155-be85-4883-bbd3-0d229e360a54', '5f185316-b806-4732-9993-f502b35d4e07', '6858ec18-26f4-5391-8911-ba222d0963fb', 'exact', 35.0, 35.0);
INSERT INTO public.expenses (id, context_type, group_id, description, amount, currency, category, expense_date, paid_by_user_id, created_by) VALUES ('754c979c-f188-4aa2-b1ed-5d10741ec6b5', 'group', '887b4ace-3f5a-555b-b257-7b4990d525d3', 'Cà phê (03/04)', 42.0, 'VND', 'Cà phê', '2025-04-03', '6858ec18-26f4-5391-8911-ba222d0963fb', '6858ec18-26f4-5391-8911-ba222d0963fb');
INSERT INTO public.expense_splits (id, expense_id, user_id, split_method, split_value, computed_amount) VALUES ('fe8df094-d558-4f38-b1a7-609ef8d10fca', '754c979c-f188-4aa2-b1ed-5d10741ec6b5', '6c5a61c6-7891-50a2-a37b-78ae38c39c02', 'exact', 42.0, 42.0);
INSERT INTO public.expenses (id, context_type, group_id, description, amount, currency, category, expense_date, paid_by_user_id, created_by) VALUES ('58ea886f-d601-491c-9020-75816fc05144', 'group', '887b4ace-3f5a-555b-b257-7b4990d525d3', 'Cà phê (03/04)', 21.0, 'VND', 'Cà phê', '2025-04-03', '6858ec18-26f4-5391-8911-ba222d0963fb', '6858ec18-26f4-5391-8911-ba222d0963fb');
INSERT INTO public.expense_splits (id, expense_id, user_id, split_method, split_value, computed_amount) VALUES ('51310332-7321-4215-9ca3-596d7e37c00a', '58ea886f-d601-491c-9020-75816fc05144', '166614ae-eede-5b6a-ae13-bdb4b2601639', 'exact', 21.0, 21.0);
INSERT INTO public.expenses (id, context_type, group_id, description, amount, currency, category, expense_date, paid_by_user_id, created_by) VALUES ('28f1a012-e628-43f9-8e1b-93679e0fd67e', 'group', '887b4ace-3f5a-555b-b257-7b4990d525d3', 'Cà phê (03/04)', 21.0, 'VND', 'Cà phê', '2025-04-03', '6858ec18-26f4-5391-8911-ba222d0963fb', '6858ec18-26f4-5391-8911-ba222d0963fb');
INSERT INTO public.expense_splits (id, expense_id, user_id, split_method, split_value, computed_amount) VALUES ('48face56-f227-4973-a6b3-3cc961d2e945', '28f1a012-e628-43f9-8e1b-93679e0fd67e', '9fb98854-1059-5f09-bfc9-105061f2ae1e', 'exact', 21.0, 21.0);
INSERT INTO public.expenses (id, context_type, group_id, description, amount, currency, category, expense_date, paid_by_user_id, created_by) VALUES ('11df551f-b0d3-4f56-9422-8bb3bfcd0e85', 'group', '887b4ace-3f5a-555b-b257-7b4990d525d3', 'Cà phê (03/04)', 27.0, 'VND', 'Cà phê', '2025-04-03', '6858ec18-26f4-5391-8911-ba222d0963fb', '6858ec18-26f4-5391-8911-ba222d0963fb');
INSERT INTO public.expense_splits (id, expense_id, user_id, split_method, split_value, computed_amount) VALUES ('04aa65f6-950c-4df7-a976-0ee428f9ab70', '11df551f-b0d3-4f56-9422-8bb3bfcd0e85', 'ea515426-5b85-5aba-a7a0-ea47c72537a1', 'exact', 27.0, 27.0);
INSERT INTO public.expenses (id, context_type, group_id, description, amount, currency, category, expense_date, paid_by_user_id, created_by) VALUES ('449eeb09-b868-491c-a9ce-eaf178a3a98d', 'group', '887b4ace-3f5a-555b-b257-7b4990d525d3', 'Cà phê (03/04)', 27.0, 'VND', 'Cà phê', '2025-04-03', '6858ec18-26f4-5391-8911-ba222d0963fb', '6858ec18-26f4-5391-8911-ba222d0963fb');
INSERT INTO public.expense_splits (id, expense_id, user_id, split_method, split_value, computed_amount) VALUES ('9d59a6f7-790b-42b8-902b-b2526f5859a9', '449eeb09-b868-491c-a9ce-eaf178a3a98d', '6858ec18-26f4-5391-8911-ba222d0963fb', 'exact', 27.0, 27.0);
INSERT INTO public.expenses (id, context_type, group_id, description, amount, currency, category, expense_date, paid_by_user_id, created_by) VALUES ('ec57d900-5104-4f97-8528-8d5e303fe25b', 'group', '887b4ace-3f5a-555b-b257-7b4990d525d3', 'Cà phê (04/04)', 27.0, 'VND', 'Cà phê', '2025-04-04', '6858ec18-26f4-5391-8911-ba222d0963fb', '6858ec18-26f4-5391-8911-ba222d0963fb');
INSERT INTO public.expense_splits (id, expense_id, user_id, split_method, split_value, computed_amount) VALUES ('ea63e8eb-2017-43a0-9363-adc97968edc5', 'ec57d900-5104-4f97-8528-8d5e303fe25b', '166614ae-eede-5b6a-ae13-bdb4b2601639', 'exact', 27.0, 27.0);
INSERT INTO public.expenses (id, context_type, group_id, description, amount, currency, category, expense_date, paid_by_user_id, created_by) VALUES ('320a1d40-242e-4ed4-8b3e-a9c4bc28cbf1', 'group', '887b4ace-3f5a-555b-b257-7b4990d525d3', 'Cà phê (04/04)', 27.0, 'VND', 'Cà phê', '2025-04-04', '6858ec18-26f4-5391-8911-ba222d0963fb', '6858ec18-26f4-5391-8911-ba222d0963fb');
INSERT INTO public.expense_splits (id, expense_id, user_id, split_method, split_value, computed_amount) VALUES ('273a3ba6-8014-441f-956b-3bb8b325ddfc', '320a1d40-242e-4ed4-8b3e-a9c4bc28cbf1', '9fb98854-1059-5f09-bfc9-105061f2ae1e', 'exact', 27.0, 27.0);
INSERT INTO public.expenses (id, context_type, group_id, description, amount, currency, category, expense_date, paid_by_user_id, created_by) VALUES ('c5187e69-a93f-4c14-9315-ff351cfe592f', 'group', '887b4ace-3f5a-555b-b257-7b4990d525d3', 'Cà phê (04/04)', 32.0, 'VND', 'Cà phê', '2025-04-04', '6858ec18-26f4-5391-8911-ba222d0963fb', '6858ec18-26f4-5391-8911-ba222d0963fb');
INSERT INTO public.expense_splits (id, expense_id, user_id, split_method, split_value, computed_amount) VALUES ('7fa7340d-5a5b-438b-b7bb-f338d26fd8e0', 'c5187e69-a93f-4c14-9315-ff351cfe592f', 'ea515426-5b85-5aba-a7a0-ea47c72537a1', 'exact', 32.0, 32.0);
INSERT INTO public.expenses (id, context_type, group_id, description, amount, currency, category, expense_date, paid_by_user_id, created_by) VALUES ('b9eaaa5b-5732-4234-9468-629d315ad252', 'group', '887b4ace-3f5a-555b-b257-7b4990d525d3', 'Cà phê (04/04)', 33.0, 'VND', 'Cà phê', '2025-04-04', '6858ec18-26f4-5391-8911-ba222d0963fb', '6858ec18-26f4-5391-8911-ba222d0963fb');
INSERT INTO public.expense_splits (id, expense_id, user_id, split_method, split_value, computed_amount) VALUES ('e60f47d9-f097-4878-bb80-f222940fe7a7', 'b9eaaa5b-5732-4234-9468-629d315ad252', '6858ec18-26f4-5391-8911-ba222d0963fb', 'exact', 33.0, 33.0);
INSERT INTO public.expenses (id, context_type, group_id, description, amount, currency, category, expense_date, paid_by_user_id, created_by) VALUES ('9d2282ed-dc00-43fd-b1bc-474600895c4b', 'group', '887b4ace-3f5a-555b-b257-7b4990d525d3', 'Cà phê (08/04)', 30.0, 'VND', 'Cà phê', '2025-04-08', '6858ec18-26f4-5391-8911-ba222d0963fb', '6858ec18-26f4-5391-8911-ba222d0963fb');
INSERT INTO public.expense_splits (id, expense_id, user_id, split_method, split_value, computed_amount) VALUES ('7c21ab3d-0cd4-4302-8f01-c0ce737d8aa1', '9d2282ed-dc00-43fd-b1bc-474600895c4b', '166614ae-eede-5b6a-ae13-bdb4b2601639', 'exact', 30.0, 30.0);
INSERT INTO public.expenses (id, context_type, group_id, description, amount, currency, category, expense_date, paid_by_user_id, created_by) VALUES ('25e5b547-7e28-456a-abea-00e6b695a7ce', 'group', '887b4ace-3f5a-555b-b257-7b4990d525d3', 'Cà phê (08/04)', 37.0, 'VND', 'Cà phê', '2025-04-08', '6858ec18-26f4-5391-8911-ba222d0963fb', '6858ec18-26f4-5391-8911-ba222d0963fb');
INSERT INTO public.expense_splits (id, expense_id, user_id, split_method, split_value, computed_amount) VALUES ('77cc943f-7d2e-46c1-b52c-4837a616b985', '25e5b547-7e28-456a-abea-00e6b695a7ce', 'ea515426-5b85-5aba-a7a0-ea47c72537a1', 'exact', 37.0, 37.0);
INSERT INTO public.expenses (id, context_type, group_id, description, amount, currency, category, expense_date, paid_by_user_id, created_by) VALUES ('f05b19bb-4e50-496d-9811-f892e3039f3e', 'group', '887b4ace-3f5a-555b-b257-7b4990d525d3', 'Cà phê (08/04)', 37.0, 'VND', 'Cà phê', '2025-04-08', '6858ec18-26f4-5391-8911-ba222d0963fb', '6858ec18-26f4-5391-8911-ba222d0963fb');
INSERT INTO public.expense_splits (id, expense_id, user_id, split_method, split_value, computed_amount) VALUES ('b12f8eba-3af4-46ec-b9f0-4e5b9994cc03', 'f05b19bb-4e50-496d-9811-f892e3039f3e', '6858ec18-26f4-5391-8911-ba222d0963fb', 'exact', 37.0, 37.0);
INSERT INTO public.expenses (id, context_type, group_id, description, amount, currency, category, expense_date, paid_by_user_id, created_by) VALUES ('6100aa64-5256-43de-b0c8-d42554ac55e7', 'group', '887b4ace-3f5a-555b-b257-7b4990d525d3', 'Cơm trưa (Unnamed: 14_level_0)', 40.0, 'VND', 'Cơm trưa', '2025-01-01', '6858ec18-26f4-5391-8911-ba222d0963fb', '6858ec18-26f4-5391-8911-ba222d0963fb');
INSERT INTO public.expense_splits (id, expense_id, user_id, split_method, split_value, computed_amount) VALUES ('83aeec03-4ecb-41fc-8f7c-cb212ebd2b2b', '6100aa64-5256-43de-b0c8-d42554ac55e7', '6c5a61c6-7891-50a2-a37b-78ae38c39c02', 'exact', 40.0, 40.0);
INSERT INTO public.expenses (id, context_type, group_id, description, amount, currency, category, expense_date, paid_by_user_id, created_by) VALUES ('2083bbfb-f9fc-4436-a9bd-a9565105ec0a', 'group', '887b4ace-3f5a-555b-b257-7b4990d525d3', 'Cơm trưa (Unnamed: 14_level_0)', 40.0, 'VND', 'Cơm trưa', '2025-01-01', '6858ec18-26f4-5391-8911-ba222d0963fb', '6858ec18-26f4-5391-8911-ba222d0963fb');
INSERT INTO public.expense_splits (id, expense_id, user_id, split_method, split_value, computed_amount) VALUES ('0b3e9bde-002b-4d3e-a523-6e2925467297', '2083bbfb-f9fc-4436-a9bd-a9565105ec0a', '166614ae-eede-5b6a-ae13-bdb4b2601639', 'exact', 40.0, 40.0);
INSERT INTO public.expenses (id, context_type, group_id, description, amount, currency, category, expense_date, paid_by_user_id, created_by) VALUES ('c25de17f-1751-45b8-a8f3-8242fac9a0d4', 'group', '887b4ace-3f5a-555b-b257-7b4990d525d3', 'Cơm trưa (Unnamed: 14_level_0)', 47.0, 'VND', 'Cơm trưa', '2025-01-01', '6858ec18-26f4-5391-8911-ba222d0963fb', '6858ec18-26f4-5391-8911-ba222d0963fb');
INSERT INTO public.expense_splits (id, expense_id, user_id, split_method, split_value, computed_amount) VALUES ('aa4c4b62-effe-46d0-bac5-fc24396af79c', 'c25de17f-1751-45b8-a8f3-8242fac9a0d4', '17360c26-b252-55ba-aa56-fa0ccda470cc', 'exact', 47.0, 47.0);
INSERT INTO public.expenses (id, context_type, group_id, description, amount, currency, category, expense_date, paid_by_user_id, created_by) VALUES ('713c64cd-c72f-4edb-85df-3f961469f434', 'group', '887b4ace-3f5a-555b-b257-7b4990d525d3', 'Cơm trưa (Unnamed: 14_level_0)', 54.0, 'VND', 'Cơm trưa', '2025-01-01', '6858ec18-26f4-5391-8911-ba222d0963fb', '6858ec18-26f4-5391-8911-ba222d0963fb');
INSERT INTO public.expense_splits (id, expense_id, user_id, split_method, split_value, computed_amount) VALUES ('2b6b8487-f613-434c-a1f1-c76ef65a2522', '713c64cd-c72f-4edb-85df-3f961469f434', 'ea515426-5b85-5aba-a7a0-ea47c72537a1', 'exact', 54.0, 54.0);
INSERT INTO public.expenses (id, context_type, group_id, description, amount, currency, category, expense_date, paid_by_user_id, created_by) VALUES ('0add7b47-433c-4232-bb2d-d567d229a08c', 'group', '887b4ace-3f5a-555b-b257-7b4990d525d3', 'Cơm trưa (Unnamed: 14_level_0)', 47.0, 'VND', 'Cơm trưa', '2025-01-01', '6858ec18-26f4-5391-8911-ba222d0963fb', '6858ec18-26f4-5391-8911-ba222d0963fb');
INSERT INTO public.expense_splits (id, expense_id, user_id, split_method, split_value, computed_amount) VALUES ('ebf17129-10c7-48eb-8c36-4e48f9567400', '0add7b47-433c-4232-bb2d-d567d229a08c', '82c3f1f5-5bb5-57b1-8e8b-6dbc5ab50ab9', 'exact', 47.0, 47.0);
INSERT INTO public.expenses (id, context_type, group_id, description, amount, currency, category, expense_date, paid_by_user_id, created_by) VALUES ('73c1e06e-aaa1-4058-973d-4e9fed45a1fb', 'group', '887b4ace-3f5a-555b-b257-7b4990d525d3', 'Cơm trưa (Unnamed: 14_level_0)', 72.0, 'VND', 'Cơm trưa', '2025-01-01', '6858ec18-26f4-5391-8911-ba222d0963fb', '6858ec18-26f4-5391-8911-ba222d0963fb');
INSERT INTO public.expense_splits (id, expense_id, user_id, split_method, split_value, computed_amount) VALUES ('a0b4c44d-6530-4fc3-8fc2-150640234e1f', '73c1e06e-aaa1-4058-973d-4e9fed45a1fb', '6858ec18-26f4-5391-8911-ba222d0963fb', 'exact', 72.0, 72.0);
INSERT INTO public.expenses (id, context_type, group_id, description, amount, currency, category, expense_date, paid_by_user_id, created_by) VALUES ('8b83e8ea-d5bf-4a9a-9f7a-1af1d390c1c5', 'group', '887b4ace-3f5a-555b-b257-7b4990d525d3', 'Ăn sáng (17/11)', 15.0, 'VND', 'Ăn sáng', '2025-11-17', '6858ec18-26f4-5391-8911-ba222d0963fb', '6858ec18-26f4-5391-8911-ba222d0963fb');
INSERT INTO public.expense_splits (id, expense_id, user_id, split_method, split_value, computed_amount) VALUES ('83d2f0a4-57a3-457a-9fcc-703753d1cd29', '8b83e8ea-d5bf-4a9a-9f7a-1af1d390c1c5', 'f23d423d-2af6-5bad-aed7-1cbe6f0c9221', 'exact', 15.0, 15.0);
INSERT INTO public.expenses (id, context_type, group_id, description, amount, currency, category, expense_date, paid_by_user_id, created_by) VALUES ('c57d48c2-1ebd-4b9a-a8d9-b7f25bca8d37', 'group', '887b4ace-3f5a-555b-b257-7b4990d525d3', 'Ăn sáng (18/11)', 15.0, 'VND', 'Ăn sáng', '2025-11-18', '6858ec18-26f4-5391-8911-ba222d0963fb', '6858ec18-26f4-5391-8911-ba222d0963fb');
INSERT INTO public.expense_splits (id, expense_id, user_id, split_method, split_value, computed_amount) VALUES ('a1507cb5-0fd7-481f-b421-ffed41ac9e63', 'c57d48c2-1ebd-4b9a-a8d9-b7f25bca8d37', '17360c26-b252-55ba-aa56-fa0ccda470cc', 'exact', 15.0, 15.0);
INSERT INTO public.expenses (id, context_type, group_id, description, amount, currency, category, expense_date, paid_by_user_id, created_by) VALUES ('61ca1baf-0a95-4fc6-a078-1f892e7c3061', 'group', '887b4ace-3f5a-555b-b257-7b4990d525d3', 'Ăn Chiều (Unnamed: 5_level_0)', 45.0, 'VND', 'Ăn Chiều', '2025-01-01', '6858ec18-26f4-5391-8911-ba222d0963fb', '6858ec18-26f4-5391-8911-ba222d0963fb');
INSERT INTO public.expense_splits (id, expense_id, user_id, split_method, split_value, computed_amount) VALUES ('e5301e09-3f24-461c-a975-f83732d8018d', '61ca1baf-0a95-4fc6-a078-1f892e7c3061', '54aa4cd7-656b-5705-819d-eec91c7c356c', 'exact', 45.0, 45.0);
INSERT INTO public.expenses (id, context_type, group_id, description, amount, currency, category, expense_date, paid_by_user_id, created_by) VALUES ('600d45a2-aa2a-4311-87b9-f80650e24ba0', 'group', '887b4ace-3f5a-555b-b257-7b4990d525d3', 'Ăn Chiều (Unnamed: 5_level_0)', 27.0, 'VND', 'Ăn Chiều', '2025-01-01', '6858ec18-26f4-5391-8911-ba222d0963fb', '6858ec18-26f4-5391-8911-ba222d0963fb');
INSERT INTO public.expense_splits (id, expense_id, user_id, split_method, split_value, computed_amount) VALUES ('392d26e4-160b-4adb-95d1-976d401c1464', '600d45a2-aa2a-4311-87b9-f80650e24ba0', '9fb98854-1059-5f09-bfc9-105061f2ae1e', 'exact', 27.0, 27.0);
INSERT INTO public.expenses (id, context_type, group_id, description, amount, currency, category, expense_date, paid_by_user_id, created_by) VALUES ('b3a9d16f-8db9-4b90-8150-e5afbe108039', 'group', '887b4ace-3f5a-555b-b257-7b4990d525d3', 'Ăn Chiều (Unnamed: 5_level_0)', 27.0, 'VND', 'Ăn Chiều', '2025-01-01', '6858ec18-26f4-5391-8911-ba222d0963fb', '6858ec18-26f4-5391-8911-ba222d0963fb');
INSERT INTO public.expense_splits (id, expense_id, user_id, split_method, split_value, computed_amount) VALUES ('241cfe97-a55f-4ad7-bff9-ac70e1119d33', 'b3a9d16f-8db9-4b90-8150-e5afbe108039', '6858ec18-26f4-5391-8911-ba222d0963fb', 'exact', 27.0, 27.0);
INSERT INTO public.expenses (id, context_type, group_id, description, amount, currency, category, expense_date, paid_by_user_id, created_by) VALUES ('0a719bef-2b48-4331-8fe6-f5e39d4e3a28', 'group', '887b4ace-3f5a-555b-b257-7b4990d525d3', 'Ăn Trưa (Unnamed: 6_level_0)', 45.0, 'VND', 'Ăn Trưa', '2025-01-01', '6858ec18-26f4-5391-8911-ba222d0963fb', '6858ec18-26f4-5391-8911-ba222d0963fb');
INSERT INTO public.expense_splits (id, expense_id, user_id, split_method, split_value, computed_amount) VALUES ('4947141f-a031-4ac8-ba8d-0dca6481dfbf', '0a719bef-2b48-4331-8fe6-f5e39d4e3a28', '0f0d0761-b17e-5fdc-b878-7606d2eef7cb', 'exact', 45.0, 45.0);
INSERT INTO public.expenses (id, context_type, group_id, description, amount, currency, category, expense_date, paid_by_user_id, created_by) VALUES ('b4005768-603d-4cd6-83ed-530e91269d3b', 'group', '887b4ace-3f5a-555b-b257-7b4990d525d3', 'Ăn Trưa (Unnamed: 6_level_0)', 45.0, 'VND', 'Ăn Trưa', '2025-01-01', '6858ec18-26f4-5391-8911-ba222d0963fb', '6858ec18-26f4-5391-8911-ba222d0963fb');
INSERT INTO public.expense_splits (id, expense_id, user_id, split_method, split_value, computed_amount) VALUES ('da8cccbd-c04f-4560-95c1-2e8eee1f5b16', 'b4005768-603d-4cd6-83ed-530e91269d3b', '6f6fcf5b-d63a-5982-a325-d518ca136c51', 'exact', 45.0, 45.0);
INSERT INTO public.expenses (id, context_type, group_id, description, amount, currency, category, expense_date, paid_by_user_id, created_by) VALUES ('19788857-ba48-43bb-888b-46c38bec25cd', 'group', '887b4ace-3f5a-555b-b257-7b4990d525d3', 'Ăn Trưa (Unnamed: 6_level_0)', 45.0, 'VND', 'Ăn Trưa', '2025-01-01', '6858ec18-26f4-5391-8911-ba222d0963fb', '6858ec18-26f4-5391-8911-ba222d0963fb');
INSERT INTO public.expense_splits (id, expense_id, user_id, split_method, split_value, computed_amount) VALUES ('6ce4d83f-c20e-4a22-b8bf-efee5b9033cd', '19788857-ba48-43bb-888b-46c38bec25cd', '166614ae-eede-5b6a-ae13-bdb4b2601639', 'exact', 45.0, 45.0);
INSERT INTO public.expenses (id, context_type, group_id, description, amount, currency, category, expense_date, paid_by_user_id, created_by) VALUES ('569ed4cc-51ce-4852-a1ab-ca7f69a4550d', 'group', '887b4ace-3f5a-555b-b257-7b4990d525d3', 'Ăn Trưa (Unnamed: 6_level_0)', 45.0, 'VND', 'Ăn Trưa', '2025-01-01', '6858ec18-26f4-5391-8911-ba222d0963fb', '6858ec18-26f4-5391-8911-ba222d0963fb');
INSERT INTO public.expense_splits (id, expense_id, user_id, split_method, split_value, computed_amount) VALUES ('e07e2dc8-4a85-4ba6-aef2-c004f32312b0', '569ed4cc-51ce-4852-a1ab-ca7f69a4550d', '17360c26-b252-55ba-aa56-fa0ccda470cc', 'exact', 45.0, 45.0);
INSERT INTO public.expenses (id, context_type, group_id, description, amount, currency, category, expense_date, paid_by_user_id, created_by) VALUES ('7af61fd3-8e9c-4cd9-9f96-e7e636863963', 'group', '887b4ace-3f5a-555b-b257-7b4990d525d3', 'Ăn Trưa (Unnamed: 6_level_0)', 45.0, 'VND', 'Ăn Trưa', '2025-01-01', '6858ec18-26f4-5391-8911-ba222d0963fb', '6858ec18-26f4-5391-8911-ba222d0963fb');
INSERT INTO public.expense_splits (id, expense_id, user_id, split_method, split_value, computed_amount) VALUES ('99d231aa-6cf4-4525-9f69-ecd63df56365', '7af61fd3-8e9c-4cd9-9f96-e7e636863963', '9fb98854-1059-5f09-bfc9-105061f2ae1e', 'exact', 45.0, 45.0);
INSERT INTO public.expenses (id, context_type, group_id, description, amount, currency, category, expense_date, paid_by_user_id, created_by) VALUES ('63503353-ea6b-4df9-a47c-2f5485585ae7', 'group', '887b4ace-3f5a-555b-b257-7b4990d525d3', 'Ăn Trưa (Unnamed: 6_level_0)', 45.0, 'VND', 'Ăn Trưa', '2025-01-01', '6858ec18-26f4-5391-8911-ba222d0963fb', '6858ec18-26f4-5391-8911-ba222d0963fb');
INSERT INTO public.expense_splits (id, expense_id, user_id, split_method, split_value, computed_amount) VALUES ('065230ca-16e5-4fe7-b1b1-0058105df715', '63503353-ea6b-4df9-a47c-2f5485585ae7', 'ea515426-5b85-5aba-a7a0-ea47c72537a1', 'exact', 45.0, 45.0);
INSERT INTO public.expenses (id, context_type, group_id, description, amount, currency, category, expense_date, paid_by_user_id, created_by) VALUES ('238e07aa-d9f3-4471-8ba5-29d282f38d11', 'group', '887b4ace-3f5a-555b-b257-7b4990d525d3', 'Ăn Trưa (Unnamed: 6_level_0)', 45.0, 'VND', 'Ăn Trưa', '2025-01-01', '6858ec18-26f4-5391-8911-ba222d0963fb', '6858ec18-26f4-5391-8911-ba222d0963fb');
INSERT INTO public.expense_splits (id, expense_id, user_id, split_method, split_value, computed_amount) VALUES ('8c0b74e3-3f30-4ed2-a981-ba0bc0b079e1', '238e07aa-d9f3-4471-8ba5-29d282f38d11', '6858ec18-26f4-5391-8911-ba222d0963fb', 'exact', 45.0, 45.0);
INSERT INTO public.expenses (id, context_type, group_id, description, amount, currency, category, expense_date, paid_by_user_id, created_by) VALUES ('d8a4df0a-044b-4ceb-b437-39aec8d6a479', 'group', '887b4ace-3f5a-555b-b257-7b4990d525d3', 'Cơm trưa (Unnamed: 11_level_0)', 45.0, 'VND', 'Cơm trưa', '2025-01-01', '6858ec18-26f4-5391-8911-ba222d0963fb', '6858ec18-26f4-5391-8911-ba222d0963fb');
INSERT INTO public.expense_splits (id, expense_id, user_id, split_method, split_value, computed_amount) VALUES ('d5877ecd-63a8-4065-b39f-ca451b6cca48', 'd8a4df0a-044b-4ceb-b437-39aec8d6a479', '0f0d0761-b17e-5fdc-b878-7606d2eef7cb', 'exact', 45.0, 45.0);
INSERT INTO public.expenses (id, context_type, group_id, description, amount, currency, category, expense_date, paid_by_user_id, created_by) VALUES ('a33ee5a6-eb95-46e0-93a4-a3f191d1e031', 'group', '887b4ace-3f5a-555b-b257-7b4990d525d3', 'Cơm trưa (Unnamed: 11_level_0)', 45.0, 'VND', 'Cơm trưa', '2025-01-01', '6858ec18-26f4-5391-8911-ba222d0963fb', '6858ec18-26f4-5391-8911-ba222d0963fb');
INSERT INTO public.expense_splits (id, expense_id, user_id, split_method, split_value, computed_amount) VALUES ('4d44f698-c5dc-4c49-9777-4aec3cab062e', 'a33ee5a6-eb95-46e0-93a4-a3f191d1e031', '6f6fcf5b-d63a-5982-a325-d518ca136c51', 'exact', 45.0, 45.0);
INSERT INTO public.expenses (id, context_type, group_id, description, amount, currency, category, expense_date, paid_by_user_id, created_by) VALUES ('50929839-95f2-470d-b478-2748b95f5e51', 'group', '887b4ace-3f5a-555b-b257-7b4990d525d3', 'Cơm trưa (Unnamed: 11_level_0)', 50.0, 'VND', 'Cơm trưa', '2025-01-01', '6858ec18-26f4-5391-8911-ba222d0963fb', '6858ec18-26f4-5391-8911-ba222d0963fb');
INSERT INTO public.expense_splits (id, expense_id, user_id, split_method, split_value, computed_amount) VALUES ('48a5e1be-d27d-4a44-9ec5-0fd8eeb1ac59', '50929839-95f2-470d-b478-2748b95f5e51', 'f23d423d-2af6-5bad-aed7-1cbe6f0c9221', 'exact', 50.0, 50.0);
INSERT INTO public.expenses (id, context_type, group_id, description, amount, currency, category, expense_date, paid_by_user_id, created_by) VALUES ('a21dfff1-2ca9-423a-9a66-6ada8f5c289c', 'group', '887b4ace-3f5a-555b-b257-7b4990d525d3', 'Cơm trưa (Unnamed: 11_level_0)', 56.0, 'VND', 'Cơm trưa', '2025-01-01', '6858ec18-26f4-5391-8911-ba222d0963fb', '6858ec18-26f4-5391-8911-ba222d0963fb');
INSERT INTO public.expense_splits (id, expense_id, user_id, split_method, split_value, computed_amount) VALUES ('9498bd21-ae2e-434b-8843-a9d9051afd80', 'a21dfff1-2ca9-423a-9a66-6ada8f5c289c', '54aa4cd7-656b-5705-819d-eec91c7c356c', 'exact', 56.0, 56.0);
INSERT INTO public.expenses (id, context_type, group_id, description, amount, currency, category, expense_date, paid_by_user_id, created_by) VALUES ('bc9afd86-3ef6-4558-9bed-faadb11845a0', 'group', '887b4ace-3f5a-555b-b257-7b4990d525d3', 'Cơm trưa (Unnamed: 11_level_0)', 40.0, 'VND', 'Cơm trưa', '2025-01-01', '6858ec18-26f4-5391-8911-ba222d0963fb', '6858ec18-26f4-5391-8911-ba222d0963fb');
INSERT INTO public.expense_splits (id, expense_id, user_id, split_method, split_value, computed_amount) VALUES ('0da146c8-6a41-4c01-902b-0e2e4eba9116', 'bc9afd86-3ef6-4558-9bed-faadb11845a0', '6c5a61c6-7891-50a2-a37b-78ae38c39c02', 'exact', 40.0, 40.0);
INSERT INTO public.expenses (id, context_type, group_id, description, amount, currency, category, expense_date, paid_by_user_id, created_by) VALUES ('669e335a-6643-4a60-a793-0785013289af', 'group', '887b4ace-3f5a-555b-b257-7b4990d525d3', 'Cơm trưa (Unnamed: 11_level_0)', 45.0, 'VND', 'Cơm trưa', '2025-01-01', '6858ec18-26f4-5391-8911-ba222d0963fb', '6858ec18-26f4-5391-8911-ba222d0963fb');
INSERT INTO public.expense_splits (id, expense_id, user_id, split_method, split_value, computed_amount) VALUES ('d32356ff-1718-48cf-949a-52f3e4f0b6ec', '669e335a-6643-4a60-a793-0785013289af', '166614ae-eede-5b6a-ae13-bdb4b2601639', 'exact', 45.0, 45.0);
INSERT INTO public.expenses (id, context_type, group_id, description, amount, currency, category, expense_date, paid_by_user_id, created_by) VALUES ('5cc47fac-d2a3-4fe8-b085-02dc7186ebc6', 'group', '887b4ace-3f5a-555b-b257-7b4990d525d3', 'Cơm trưa (Unnamed: 11_level_0)', 45.0, 'VND', 'Cơm trưa', '2025-01-01', '6858ec18-26f4-5391-8911-ba222d0963fb', '6858ec18-26f4-5391-8911-ba222d0963fb');
INSERT INTO public.expense_splits (id, expense_id, user_id, split_method, split_value, computed_amount) VALUES ('02180a9b-d93b-4fa5-96a9-c24c49e9f9d5', '5cc47fac-d2a3-4fe8-b085-02dc7186ebc6', '17360c26-b252-55ba-aa56-fa0ccda470cc', 'exact', 45.0, 45.0);
INSERT INTO public.expenses (id, context_type, group_id, description, amount, currency, category, expense_date, paid_by_user_id, created_by) VALUES ('91f96ef0-57d5-4769-a1dd-2ac1361790b7', 'group', '887b4ace-3f5a-555b-b257-7b4990d525d3', 'Cơm trưa (Unnamed: 11_level_0)', 45.0, 'VND', 'Cơm trưa', '2025-01-01', '6858ec18-26f4-5391-8911-ba222d0963fb', '6858ec18-26f4-5391-8911-ba222d0963fb');
INSERT INTO public.expense_splits (id, expense_id, user_id, split_method, split_value, computed_amount) VALUES ('b45acd82-35d3-4af3-8c8e-7966a8e16259', '91f96ef0-57d5-4769-a1dd-2ac1361790b7', '848862ad-4062-5b79-bbaf-97477396c885', 'exact', 45.0, 45.0);
INSERT INTO public.expenses (id, context_type, group_id, description, amount, currency, category, expense_date, paid_by_user_id, created_by) VALUES ('2f783ada-c8a8-4be9-951b-91480ff977c5', 'group', '887b4ace-3f5a-555b-b257-7b4990d525d3', 'Cơm trưa (Unnamed: 11_level_0)', 45.0, 'VND', 'Cơm trưa', '2025-01-01', '6858ec18-26f4-5391-8911-ba222d0963fb', '6858ec18-26f4-5391-8911-ba222d0963fb');
INSERT INTO public.expense_splits (id, expense_id, user_id, split_method, split_value, computed_amount) VALUES ('49b3d831-fca9-42a3-adc9-de0a7d264be9', '2f783ada-c8a8-4be9-951b-91480ff977c5', '9fb98854-1059-5f09-bfc9-105061f2ae1e', 'exact', 45.0, 45.0);
INSERT INTO public.expenses (id, context_type, group_id, description, amount, currency, category, expense_date, paid_by_user_id, created_by) VALUES ('c298c930-a155-4b58-b153-d500a27a8b4d', 'group', '887b4ace-3f5a-555b-b257-7b4990d525d3', 'Cơm trưa (Unnamed: 11_level_0)', 45.0, 'VND', 'Cơm trưa', '2025-01-01', '6858ec18-26f4-5391-8911-ba222d0963fb', '6858ec18-26f4-5391-8911-ba222d0963fb');
INSERT INTO public.expense_splits (id, expense_id, user_id, split_method, split_value, computed_amount) VALUES ('611dd9ec-6423-4e10-8d8c-31d60b397b12', 'c298c930-a155-4b58-b153-d500a27a8b4d', 'ea515426-5b85-5aba-a7a0-ea47c72537a1', 'exact', 45.0, 45.0);
INSERT INTO public.expenses (id, context_type, group_id, description, amount, currency, category, expense_date, paid_by_user_id, created_by) VALUES ('d0484a40-9b0e-46a4-b0bb-85602cc60803', 'group', '887b4ace-3f5a-555b-b257-7b4990d525d3', 'Cơm trưa (Unnamed: 11_level_0)', 55.0, 'VND', 'Cơm trưa', '2025-01-01', '6858ec18-26f4-5391-8911-ba222d0963fb', '6858ec18-26f4-5391-8911-ba222d0963fb');
INSERT INTO public.expense_splits (id, expense_id, user_id, split_method, split_value, computed_amount) VALUES ('e523a845-e081-416b-837c-015f949f9ba9', 'd0484a40-9b0e-46a4-b0bb-85602cc60803', '82c3f1f5-5bb5-57b1-8e8b-6dbc5ab50ab9', 'exact', 55.0, 55.0);
INSERT INTO public.expenses (id, context_type, group_id, description, amount, currency, category, expense_date, paid_by_user_id, created_by) VALUES ('a8aaefb8-fa79-4eba-814b-80cfb6222918', 'group', '887b4ace-3f5a-555b-b257-7b4990d525d3', 'Cơm trưa (Unnamed: 11_level_0)', 45.0, 'VND', 'Cơm trưa', '2025-01-01', '6858ec18-26f4-5391-8911-ba222d0963fb', '6858ec18-26f4-5391-8911-ba222d0963fb');
INSERT INTO public.expense_splits (id, expense_id, user_id, split_method, split_value, computed_amount) VALUES ('f79dbbc3-350f-493b-9ea5-ecff40980848', 'a8aaefb8-fa79-4eba-814b-80cfb6222918', '6858ec18-26f4-5391-8911-ba222d0963fb', 'exact', 45.0, 45.0);
INSERT INTO public.expenses (id, context_type, group_id, description, amount, currency, category, expense_date, paid_by_user_id, created_by) VALUES ('d2915abb-5be3-408d-924e-4405ec55b4bc', 'group', '887b4ace-3f5a-555b-b257-7b4990d525d3', 'Cà phê (09/09)', 39.0, 'VND', 'Cà phê', '2025-09-09', '6858ec18-26f4-5391-8911-ba222d0963fb', '6858ec18-26f4-5391-8911-ba222d0963fb');
INSERT INTO public.expense_splits (id, expense_id, user_id, split_method, split_value, computed_amount) VALUES ('dd5eabdd-9985-4035-a1b3-3f74ab3d317a', 'd2915abb-5be3-408d-924e-4405ec55b4bc', '166614ae-eede-5b6a-ae13-bdb4b2601639', 'exact', 39.0, 39.0);
INSERT INTO public.expenses (id, context_type, group_id, description, amount, currency, category, expense_date, paid_by_user_id, created_by) VALUES ('9f5ad55d-29ed-4fd7-a535-e516429bdf36', 'group', '887b4ace-3f5a-555b-b257-7b4990d525d3', 'Cà phê (09/09)', 55.0, 'VND', 'Cà phê', '2025-09-09', '6858ec18-26f4-5391-8911-ba222d0963fb', '6858ec18-26f4-5391-8911-ba222d0963fb');
INSERT INTO public.expense_splits (id, expense_id, user_id, split_method, split_value, computed_amount) VALUES ('363c7080-bf5b-46eb-b24e-6460bd5c988e', '9f5ad55d-29ed-4fd7-a535-e516429bdf36', 'ea515426-5b85-5aba-a7a0-ea47c72537a1', 'exact', 55.0, 55.0);
INSERT INTO public.expenses (id, context_type, group_id, description, amount, currency, category, expense_date, paid_by_user_id, created_by) VALUES ('424c6b82-eb1a-4a1c-b2c3-f40b3a1b86dd', 'group', '887b4ace-3f5a-555b-b257-7b4990d525d3', 'Cà phê (09/09)', 55.0, 'VND', 'Cà phê', '2025-09-09', '6858ec18-26f4-5391-8911-ba222d0963fb', '6858ec18-26f4-5391-8911-ba222d0963fb');
INSERT INTO public.expense_splits (id, expense_id, user_id, split_method, split_value, computed_amount) VALUES ('acc9ce96-484b-4c06-adc3-ee993798e244', '424c6b82-eb1a-4a1c-b2c3-f40b3a1b86dd', '6858ec18-26f4-5391-8911-ba222d0963fb', 'exact', 55.0, 55.0);
INSERT INTO public.expenses (id, context_type, group_id, description, amount, currency, category, expense_date, paid_by_user_id, created_by) VALUES ('620c3530-30b2-4452-870f-1e722ba0d390', 'group', '887b4ace-3f5a-555b-b257-7b4990d525d3', 'Icloud (Unnamed: 8_level_0)', 50.0, 'VND', 'Icloud', '2025-01-01', '6858ec18-26f4-5391-8911-ba222d0963fb', '6858ec18-26f4-5391-8911-ba222d0963fb');
INSERT INTO public.expense_splits (id, expense_id, user_id, split_method, split_value, computed_amount) VALUES ('7007acc5-912b-4b61-91f1-e3c99eabde0c', '620c3530-30b2-4452-870f-1e722ba0d390', '166614ae-eede-5b6a-ae13-bdb4b2601639', 'exact', 50.0, 50.0);
INSERT INTO public.expenses (id, context_type, group_id, description, amount, currency, category, expense_date, paid_by_user_id, created_by) VALUES ('a9b678b0-c09d-4f38-84ca-8f11668c5969', 'group', '887b4ace-3f5a-555b-b257-7b4990d525d3', 'Icloud (Unnamed: 8_level_0)', 50.0, 'VND', 'Icloud', '2025-01-01', '6858ec18-26f4-5391-8911-ba222d0963fb', '6858ec18-26f4-5391-8911-ba222d0963fb');
INSERT INTO public.expense_splits (id, expense_id, user_id, split_method, split_value, computed_amount) VALUES ('71d93916-1fa1-4e80-9c37-171fd44c1eb6', 'a9b678b0-c09d-4f38-84ca-8f11668c5969', '17360c26-b252-55ba-aa56-fa0ccda470cc', 'exact', 50.0, 50.0);
INSERT INTO public.expenses (id, context_type, group_id, description, amount, currency, category, expense_date, paid_by_user_id, created_by) VALUES ('d50e243a-62b5-453c-b905-01e8a16f4fed', 'group', '887b4ace-3f5a-555b-b257-7b4990d525d3', 'Icloud (Unnamed: 8_level_0)', 50.0, 'VND', 'Icloud', '2025-01-01', '6858ec18-26f4-5391-8911-ba222d0963fb', '6858ec18-26f4-5391-8911-ba222d0963fb');
INSERT INTO public.expense_splits (id, expense_id, user_id, split_method, split_value, computed_amount) VALUES ('1feb6e4c-f411-4142-8239-a4f48a38b1b4', 'd50e243a-62b5-453c-b905-01e8a16f4fed', '9fb98854-1059-5f09-bfc9-105061f2ae1e', 'exact', 50.0, 50.0);
INSERT INTO public.expenses (id, context_type, group_id, description, amount, currency, category, expense_date, paid_by_user_id, created_by) VALUES ('2c64c964-3d25-4bb4-b561-4f1044b9ed89', 'group', '887b4ace-3f5a-555b-b257-7b4990d525d3', 'Icloud (Unnamed: 8_level_0)', 50.0, 'VND', 'Icloud', '2025-01-01', '6858ec18-26f4-5391-8911-ba222d0963fb', '6858ec18-26f4-5391-8911-ba222d0963fb');
INSERT INTO public.expense_splits (id, expense_id, user_id, split_method, split_value, computed_amount) VALUES ('310f870a-8626-4d04-badb-cda271b09dd6', '2c64c964-3d25-4bb4-b561-4f1044b9ed89', '6858ec18-26f4-5391-8911-ba222d0963fb', 'exact', 50.0, 50.0);
INSERT INTO public.expenses (id, context_type, group_id, description, amount, currency, category, expense_date, paid_by_user_id, created_by) VALUES ('40d3b90d-1cbd-43f9-9982-16e654840dcb', 'group', '887b4ace-3f5a-555b-b257-7b4990d525d3', 'Cà phê (11/09)', 55.0, 'VND', 'Cà phê', '2025-09-11', '6858ec18-26f4-5391-8911-ba222d0963fb', '6858ec18-26f4-5391-8911-ba222d0963fb');
INSERT INTO public.expense_splits (id, expense_id, user_id, split_method, split_value, computed_amount) VALUES ('0aef7d91-6648-42a5-8b98-68ab74a3ee69', '40d3b90d-1cbd-43f9-9982-16e654840dcb', '6858ec18-26f4-5391-8911-ba222d0963fb', 'exact', 55.0, 55.0);
INSERT INTO public.expenses (id, context_type, group_id, description, amount, currency, category, expense_date, paid_by_user_id, created_by) VALUES ('6da3e529-ae9b-48bc-8100-25df087d665d', 'group', '887b4ace-3f5a-555b-b257-7b4990d525d3', 'Cà phê (12/09)', 28.0, 'VND', 'Cà phê', '2025-09-12', '6858ec18-26f4-5391-8911-ba222d0963fb', '6858ec18-26f4-5391-8911-ba222d0963fb');
INSERT INTO public.expense_splits (id, expense_id, user_id, split_method, split_value, computed_amount) VALUES ('fecf808c-fe04-40c0-b0c7-d68845b0eeb7', '6da3e529-ae9b-48bc-8100-25df087d665d', 'f23d423d-2af6-5bad-aed7-1cbe6f0c9221', 'exact', 28.0, 28.0);
INSERT INTO public.expenses (id, context_type, group_id, description, amount, currency, category, expense_date, paid_by_user_id, created_by) VALUES ('1cef6de2-72e4-4d62-b89f-d4cf4800a42a', 'group', '887b4ace-3f5a-555b-b257-7b4990d525d3', 'Cà phê (12/09)', 17.0, 'VND', 'Cà phê', '2025-09-12', '6858ec18-26f4-5391-8911-ba222d0963fb', '6858ec18-26f4-5391-8911-ba222d0963fb');
INSERT INTO public.expense_splits (id, expense_id, user_id, split_method, split_value, computed_amount) VALUES ('ed75d08a-4bc5-4be4-b7e8-914d1925aced', '1cef6de2-72e4-4d62-b89f-d4cf4800a42a', 'ea515426-5b85-5aba-a7a0-ea47c72537a1', 'exact', 17.0, 17.0);
INSERT INTO public.expenses (id, context_type, group_id, description, amount, currency, category, expense_date, paid_by_user_id, created_by) VALUES ('ed0107f5-90bc-43ca-8055-d98da579180d', 'group', '887b4ace-3f5a-555b-b257-7b4990d525d3', 'Ăn tối (Unnamed: 14_level_0)', 201.0, 'VND', 'Ăn tối', '2025-01-01', '6858ec18-26f4-5391-8911-ba222d0963fb', '6858ec18-26f4-5391-8911-ba222d0963fb');
INSERT INTO public.expense_splits (id, expense_id, user_id, split_method, split_value, computed_amount) VALUES ('a1fdbc6f-994a-4a10-b357-2ada58d4e45e', 'ed0107f5-90bc-43ca-8055-d98da579180d', '6858ec18-26f4-5391-8911-ba222d0963fb', 'exact', 201.0, 201.0);
INSERT INTO public.expenses (id, context_type, group_id, description, amount, currency, category, expense_date, paid_by_user_id, created_by) VALUES ('f95d8fc3-afdf-46c2-976c-117690131e8f', 'group', '887b4ace-3f5a-555b-b257-7b4990d525d3', 'Cà phê (20/10)', 50.0, 'VND', 'Cà phê', '2025-10-20', '6858ec18-26f4-5391-8911-ba222d0963fb', '6858ec18-26f4-5391-8911-ba222d0963fb');
INSERT INTO public.expense_splits (id, expense_id, user_id, split_method, split_value, computed_amount) VALUES ('3edfe6e1-d9c7-4c7b-bdea-96a8dd8dd677', 'f95d8fc3-afdf-46c2-976c-117690131e8f', 'f23d423d-2af6-5bad-aed7-1cbe6f0c9221', 'exact', 50.0, 50.0);
INSERT INTO public.expenses (id, context_type, group_id, description, amount, currency, category, expense_date, paid_by_user_id, created_by) VALUES ('ef68e4be-0d69-4b10-a863-984a0e5d423a', 'group', '887b4ace-3f5a-555b-b257-7b4990d525d3', 'Cà phê (21/10)', 65.0, 'VND', 'Cà phê', '2025-10-21', '6858ec18-26f4-5391-8911-ba222d0963fb', '6858ec18-26f4-5391-8911-ba222d0963fb');
INSERT INTO public.expense_splits (id, expense_id, user_id, split_method, split_value, computed_amount) VALUES ('0ce2d825-d2bb-4022-8610-943264aced28', 'ef68e4be-0d69-4b10-a863-984a0e5d423a', 'f23d423d-2af6-5bad-aed7-1cbe6f0c9221', 'exact', 65.0, 65.0);
INSERT INTO public.expenses (id, context_type, group_id, description, amount, currency, category, expense_date, paid_by_user_id, created_by) VALUES ('05c03424-8847-4285-836b-5c9f98e92361', 'group', '887b4ace-3f5a-555b-b257-7b4990d525d3', 'Ăn chiều (23/10)', 22.0, 'VND', 'Ăn chiều', '2025-10-23', '6858ec18-26f4-5391-8911-ba222d0963fb', '6858ec18-26f4-5391-8911-ba222d0963fb');
INSERT INTO public.expense_splits (id, expense_id, user_id, split_method, split_value, computed_amount) VALUES ('623fd5f0-ad90-479f-852d-984afd61616e', '05c03424-8847-4285-836b-5c9f98e92361', '6c5a61c6-7891-50a2-a37b-78ae38c39c02', 'exact', 22.0, 22.0);
INSERT INTO public.expenses (id, context_type, group_id, description, amount, currency, category, expense_date, paid_by_user_id, created_by) VALUES ('ff3b4908-0e07-4f1f-8bad-39b5da5d9bdc', 'group', '887b4ace-3f5a-555b-b257-7b4990d525d3', 'Ăn chiều (23/10)', 28.0, 'VND', 'Ăn chiều', '2025-10-23', '6858ec18-26f4-5391-8911-ba222d0963fb', '6858ec18-26f4-5391-8911-ba222d0963fb');
INSERT INTO public.expense_splits (id, expense_id, user_id, split_method, split_value, computed_amount) VALUES ('ee03a834-b2ef-4566-8a16-559e7a8d2581', 'ff3b4908-0e07-4f1f-8bad-39b5da5d9bdc', '166614ae-eede-5b6a-ae13-bdb4b2601639', 'exact', 28.0, 28.0);
INSERT INTO public.expenses (id, context_type, group_id, description, amount, currency, category, expense_date, paid_by_user_id, created_by) VALUES ('56e93579-88d8-427c-a7ca-d4f8478094bf', 'group', '887b4ace-3f5a-555b-b257-7b4990d525d3', 'Ăn chiều (23/10)', 18.0, 'VND', 'Ăn chiều', '2025-10-23', '6858ec18-26f4-5391-8911-ba222d0963fb', '6858ec18-26f4-5391-8911-ba222d0963fb');
INSERT INTO public.expense_splits (id, expense_id, user_id, split_method, split_value, computed_amount) VALUES ('054e97af-9dfd-4cf6-a0d7-9d4e8e1ee9e3', '56e93579-88d8-427c-a7ca-d4f8478094bf', 'f23d423d-2af6-5bad-aed7-1cbe6f0c9221', 'exact', 18.0, 18.0);
INSERT INTO public.expenses (id, context_type, group_id, description, amount, currency, category, expense_date, paid_by_user_id, created_by) VALUES ('ed53fe0a-0980-4714-b9eb-595b613f15f1', 'group', '887b4ace-3f5a-555b-b257-7b4990d525d3', 'Ăn chiều (23/10)', 28.0, 'VND', 'Ăn chiều', '2025-10-23', '6858ec18-26f4-5391-8911-ba222d0963fb', '6858ec18-26f4-5391-8911-ba222d0963fb');
INSERT INTO public.expense_splits (id, expense_id, user_id, split_method, split_value, computed_amount) VALUES ('5aa1771a-3e79-405f-92df-a704f9b02d1a', 'ed53fe0a-0980-4714-b9eb-595b613f15f1', '54aa4cd7-656b-5705-819d-eec91c7c356c', 'exact', 28.0, 28.0);
INSERT INTO public.expenses (id, context_type, group_id, description, amount, currency, category, expense_date, paid_by_user_id, created_by) VALUES ('ab0e6097-6b05-4c22-8493-a5c91fbb111f', 'group', '887b4ace-3f5a-555b-b257-7b4990d525d3', 'Ăn chiều (23/10)', 12.0, 'VND', 'Ăn chiều', '2025-10-23', '6858ec18-26f4-5391-8911-ba222d0963fb', '6858ec18-26f4-5391-8911-ba222d0963fb');
INSERT INTO public.expense_splits (id, expense_id, user_id, split_method, split_value, computed_amount) VALUES ('f9d3b6ff-60ab-44b7-b8fe-aa26fc4cfda0', 'ab0e6097-6b05-4c22-8493-a5c91fbb111f', 'ea515426-5b85-5aba-a7a0-ea47c72537a1', 'exact', 12.0, 12.0);
INSERT INTO public.expenses (id, context_type, group_id, description, amount, currency, category, expense_date, paid_by_user_id, created_by) VALUES ('3822846e-1962-4a54-a6df-25ad07909e27', 'group', '887b4ace-3f5a-555b-b257-7b4990d525d3', 'Ăn chiều (23/10)', 6.0, 'VND', 'Ăn chiều', '2025-10-23', '6858ec18-26f4-5391-8911-ba222d0963fb', '6858ec18-26f4-5391-8911-ba222d0963fb');
INSERT INTO public.expense_splits (id, expense_id, user_id, split_method, split_value, computed_amount) VALUES ('8892f46e-d57a-477d-9e9e-d36bd3f05740', '3822846e-1962-4a54-a6df-25ad07909e27', '82c3f1f5-5bb5-57b1-8e8b-6dbc5ab50ab9', 'exact', 6.0, 6.0);
INSERT INTO public.expenses (id, context_type, group_id, description, amount, currency, category, expense_date, paid_by_user_id, created_by) VALUES ('acd7968a-62e8-40f9-b4d4-e4c02fc0dc6b', 'group', '887b4ace-3f5a-555b-b257-7b4990d525d3', 'Ăn chiều (23/10)', 24.0, 'VND', 'Ăn chiều', '2025-10-23', '6858ec18-26f4-5391-8911-ba222d0963fb', '6858ec18-26f4-5391-8911-ba222d0963fb');
INSERT INTO public.expense_splits (id, expense_id, user_id, split_method, split_value, computed_amount) VALUES ('ddd994e7-f658-401f-842d-9aeb6a27a516', 'acd7968a-62e8-40f9-b4d4-e4c02fc0dc6b', '6858ec18-26f4-5391-8911-ba222d0963fb', 'exact', 24.0, 24.0);
INSERT INTO public.expenses (id, context_type, group_id, description, amount, currency, category, expense_date, paid_by_user_id, created_by) VALUES ('75760e79-3dfd-424a-a695-d00bee1c2574', 'group', '887b4ace-3f5a-555b-b257-7b4990d525d3', 'Nước (Unnamed: 15_level_0)', 46.0, 'VND', 'Nước', '2025-01-01', '6858ec18-26f4-5391-8911-ba222d0963fb', '6858ec18-26f4-5391-8911-ba222d0963fb');
INSERT INTO public.expense_splits (id, expense_id, user_id, split_method, split_value, computed_amount) VALUES ('73b24744-64e0-48d0-b99e-0bf95b553222', '75760e79-3dfd-424a-a695-d00bee1c2574', 'f23d423d-2af6-5bad-aed7-1cbe6f0c9221', 'exact', 46.0, 46.0);
INSERT INTO public.expenses (id, context_type, group_id, description, amount, currency, category, expense_date, paid_by_user_id, created_by) VALUES ('a6728f40-4563-480b-9f18-d623e2b5eba3', 'group', '887b4ace-3f5a-555b-b257-7b4990d525d3', 'Cà phê (15/10)', 39.0, 'VND', 'Cà phê', '2025-10-15', '6858ec18-26f4-5391-8911-ba222d0963fb', '6858ec18-26f4-5391-8911-ba222d0963fb');
INSERT INTO public.expense_splits (id, expense_id, user_id, split_method, split_value, computed_amount) VALUES ('664d16ae-6871-48a1-b49e-529813ff5363', 'a6728f40-4563-480b-9f18-d623e2b5eba3', '166614ae-eede-5b6a-ae13-bdb4b2601639', 'exact', 39.0, 39.0);
INSERT INTO public.expenses (id, context_type, group_id, description, amount, currency, category, expense_date, paid_by_user_id, created_by) VALUES ('14860930-b896-40bf-8e73-8e3f7381c864', 'group', '887b4ace-3f5a-555b-b257-7b4990d525d3', 'Cà phê (15/10)', 55.0, 'VND', 'Cà phê', '2025-10-15', '6858ec18-26f4-5391-8911-ba222d0963fb', '6858ec18-26f4-5391-8911-ba222d0963fb');
INSERT INTO public.expense_splits (id, expense_id, user_id, split_method, split_value, computed_amount) VALUES ('97766823-41cb-4dc5-95d7-67a3f452f06c', '14860930-b896-40bf-8e73-8e3f7381c864', 'f23d423d-2af6-5bad-aed7-1cbe6f0c9221', 'exact', 55.0, 55.0);
INSERT INTO public.expenses (id, context_type, group_id, description, amount, currency, category, expense_date, paid_by_user_id, created_by) VALUES ('adb69d72-4eee-4701-a46a-4fa7b4a6e0b1', 'group', '887b4ace-3f5a-555b-b257-7b4990d525d3', 'Cà phê (15/10)', 55.0, 'VND', 'Cà phê', '2025-10-15', '6858ec18-26f4-5391-8911-ba222d0963fb', '6858ec18-26f4-5391-8911-ba222d0963fb');
INSERT INTO public.expense_splits (id, expense_id, user_id, split_method, split_value, computed_amount) VALUES ('22b475dc-0c70-4bb1-9cd8-9e0b57f096b0', 'adb69d72-4eee-4701-a46a-4fa7b4a6e0b1', 'ea515426-5b85-5aba-a7a0-ea47c72537a1', 'exact', 55.0, 55.0);
INSERT INTO public.expenses (id, context_type, group_id, description, amount, currency, category, expense_date, paid_by_user_id, created_by) VALUES ('39c1befe-f75d-458e-baf8-4d0e08fec499', 'group', '887b4ace-3f5a-555b-b257-7b4990d525d3', 'Cà phê (15/10)', 55.0, 'VND', 'Cà phê', '2025-10-15', '6858ec18-26f4-5391-8911-ba222d0963fb', '6858ec18-26f4-5391-8911-ba222d0963fb');
INSERT INTO public.expense_splits (id, expense_id, user_id, split_method, split_value, computed_amount) VALUES ('740e24e3-891f-4cd8-a7c8-be86f56cc1dc', '39c1befe-f75d-458e-baf8-4d0e08fec499', '6858ec18-26f4-5391-8911-ba222d0963fb', 'exact', 55.0, 55.0);
INSERT INTO public.expenses (id, context_type, group_id, description, amount, currency, category, expense_date, paid_by_user_id, created_by) VALUES ('b349e83c-8fcf-4178-93f4-ecbcb8e53b28', 'group', '887b4ace-3f5a-555b-b257-7b4990d525d3', 'Cà phê (17/10)', 38.0, 'VND', 'Cà phê', '2025-10-17', '6858ec18-26f4-5391-8911-ba222d0963fb', '6858ec18-26f4-5391-8911-ba222d0963fb');
INSERT INTO public.expense_splits (id, expense_id, user_id, split_method, split_value, computed_amount) VALUES ('0050ec32-b143-4f44-a041-05cca310874c', 'b349e83c-8fcf-4178-93f4-ecbcb8e53b28', '9fb98854-1059-5f09-bfc9-105061f2ae1e', 'exact', 38.0, 38.0);
INSERT INTO public.expenses (id, context_type, group_id, description, amount, currency, category, expense_date, paid_by_user_id, created_by) VALUES ('22223697-3fef-4971-ac49-ca9401ad6124', 'group', '887b4ace-3f5a-555b-b257-7b4990d525d3', 'Ăn Chiều (Unnamed: 2_level_0)', 24.0, 'VND', 'Ăn Chiều', '2025-01-01', '6858ec18-26f4-5391-8911-ba222d0963fb', '6858ec18-26f4-5391-8911-ba222d0963fb');
INSERT INTO public.expense_splits (id, expense_id, user_id, split_method, split_value, computed_amount) VALUES ('a2a60d53-f7d5-44fa-b13f-8002c1be5fc2', '22223697-3fef-4971-ac49-ca9401ad6124', '6c5a61c6-7891-50a2-a37b-78ae38c39c02', 'exact', 24.0, 24.0);
INSERT INTO public.expenses (id, context_type, group_id, description, amount, currency, category, expense_date, paid_by_user_id, created_by) VALUES ('eab20d65-31dd-40c7-90fa-d1b7d1d15ccb', 'group', '887b4ace-3f5a-555b-b257-7b4990d525d3', 'Ăn Chiều (Unnamed: 2_level_0)', 8.0, 'VND', 'Ăn Chiều', '2025-01-01', '6858ec18-26f4-5391-8911-ba222d0963fb', '6858ec18-26f4-5391-8911-ba222d0963fb');
INSERT INTO public.expense_splits (id, expense_id, user_id, split_method, split_value, computed_amount) VALUES ('29db43bf-7698-4464-8680-39cd371abd4b', 'eab20d65-31dd-40c7-90fa-d1b7d1d15ccb', '166614ae-eede-5b6a-ae13-bdb4b2601639', 'exact', 8.0, 8.0);
INSERT INTO public.expenses (id, context_type, group_id, description, amount, currency, category, expense_date, paid_by_user_id, created_by) VALUES ('671f6b13-06e1-42d4-994f-7371e3869898', 'group', '887b4ace-3f5a-555b-b257-7b4990d525d3', 'Ăn Chiều (Unnamed: 2_level_0)', 16.0, 'VND', 'Ăn Chiều', '2025-01-01', '6858ec18-26f4-5391-8911-ba222d0963fb', '6858ec18-26f4-5391-8911-ba222d0963fb');
INSERT INTO public.expense_splits (id, expense_id, user_id, split_method, split_value, computed_amount) VALUES ('04032d9d-8392-4a9b-ab41-eb00548db749', '671f6b13-06e1-42d4-994f-7371e3869898', '17360c26-b252-55ba-aa56-fa0ccda470cc', 'exact', 16.0, 16.0);
INSERT INTO public.expenses (id, context_type, group_id, description, amount, currency, category, expense_date, paid_by_user_id, created_by) VALUES ('8e8383f2-88e6-44ab-9518-77285c325990', 'group', '887b4ace-3f5a-555b-b257-7b4990d525d3', 'Ăn Chiều (Unnamed: 2_level_0)', 32.0, 'VND', 'Ăn Chiều', '2025-01-01', '6858ec18-26f4-5391-8911-ba222d0963fb', '6858ec18-26f4-5391-8911-ba222d0963fb');
INSERT INTO public.expense_splits (id, expense_id, user_id, split_method, split_value, computed_amount) VALUES ('564428e0-ad56-4a8d-8f46-7b8df64a0b34', '8e8383f2-88e6-44ab-9518-77285c325990', 'f23d423d-2af6-5bad-aed7-1cbe6f0c9221', 'exact', 32.0, 32.0);
INSERT INTO public.expenses (id, context_type, group_id, description, amount, currency, category, expense_date, paid_by_user_id, created_by) VALUES ('84c4b69b-14af-4d8a-beda-64968649cae2', 'group', '887b4ace-3f5a-555b-b257-7b4990d525d3', 'Ăn Chiều (Unnamed: 2_level_0)', 32.0, 'VND', 'Ăn Chiều', '2025-01-01', '6858ec18-26f4-5391-8911-ba222d0963fb', '6858ec18-26f4-5391-8911-ba222d0963fb');
INSERT INTO public.expense_splits (id, expense_id, user_id, split_method, split_value, computed_amount) VALUES ('715d7b8b-83cc-4d8f-9afc-30dc53004531', '84c4b69b-14af-4d8a-beda-64968649cae2', '54aa4cd7-656b-5705-819d-eec91c7c356c', 'exact', 32.0, 32.0);
INSERT INTO public.expenses (id, context_type, group_id, description, amount, currency, category, expense_date, paid_by_user_id, created_by) VALUES ('e6f8325f-a526-4ddd-8c43-718e210afc97', 'group', '887b4ace-3f5a-555b-b257-7b4990d525d3', 'Ăn Chiều (Unnamed: 2_level_0)', 28.0, 'VND', 'Ăn Chiều', '2025-01-01', '6858ec18-26f4-5391-8911-ba222d0963fb', '6858ec18-26f4-5391-8911-ba222d0963fb');
INSERT INTO public.expense_splits (id, expense_id, user_id, split_method, split_value, computed_amount) VALUES ('ba78f06d-50a3-4d53-afb1-94cd98a45232', 'e6f8325f-a526-4ddd-8c43-718e210afc97', '82c3f1f5-5bb5-57b1-8e8b-6dbc5ab50ab9', 'exact', 28.0, 28.0);
INSERT INTO public.expenses (id, context_type, group_id, description, amount, currency, category, expense_date, paid_by_user_id, created_by) VALUES ('d1be1e8f-dbcd-4dad-b606-6edf60c9620f', 'group', '887b4ace-3f5a-555b-b257-7b4990d525d3', 'Ăn Chiều (Unnamed: 2_level_0)', 32.0, 'VND', 'Ăn Chiều', '2025-01-01', '6858ec18-26f4-5391-8911-ba222d0963fb', '6858ec18-26f4-5391-8911-ba222d0963fb');
INSERT INTO public.expense_splits (id, expense_id, user_id, split_method, split_value, computed_amount) VALUES ('a9c2fcdd-1c70-4b86-9656-2360530e5763', 'd1be1e8f-dbcd-4dad-b606-6edf60c9620f', '6858ec18-26f4-5391-8911-ba222d0963fb', 'exact', 32.0, 32.0);
INSERT INTO public.expenses (id, context_type, group_id, description, amount, currency, category, expense_date, paid_by_user_id, created_by) VALUES ('aca735b2-66db-4ec6-bac0-51a7c3c935a0', 'group', '887b4ace-3f5a-555b-b257-7b4990d525d3', 'Cà phê (22/09)', 55.0, 'VND', 'Cà phê', '2025-09-22', '6858ec18-26f4-5391-8911-ba222d0963fb', '6858ec18-26f4-5391-8911-ba222d0963fb');
INSERT INTO public.expense_splits (id, expense_id, user_id, split_method, split_value, computed_amount) VALUES ('526ee03e-3eb5-4457-9066-08b1c3a34597', 'aca735b2-66db-4ec6-bac0-51a7c3c935a0', 'f23d423d-2af6-5bad-aed7-1cbe6f0c9221', 'exact', 55.0, 55.0);
INSERT INTO public.expenses (id, context_type, group_id, description, amount, currency, category, expense_date, paid_by_user_id, created_by) VALUES ('1526886b-23b3-42f7-85a6-26171fb34dba', 'group', '887b4ace-3f5a-555b-b257-7b4990d525d3', 'Cà phê (22/09)', 64.0, 'VND', 'Cà phê', '2025-09-22', '6858ec18-26f4-5391-8911-ba222d0963fb', '6858ec18-26f4-5391-8911-ba222d0963fb');
INSERT INTO public.expense_splits (id, expense_id, user_id, split_method, split_value, computed_amount) VALUES ('a035f4b0-c76f-4370-b2b6-a1dd11c648f2', '1526886b-23b3-42f7-85a6-26171fb34dba', '54aa4cd7-656b-5705-819d-eec91c7c356c', 'exact', 64.0, 64.0);
INSERT INTO public.expenses (id, context_type, group_id, description, amount, currency, category, expense_date, paid_by_user_id, created_by) VALUES ('cb16cd25-4c9d-4c67-b088-80e28ba2b47a', 'group', '887b4ace-3f5a-555b-b257-7b4990d525d3', 'Ăn Chiều (Unnamed: 2_level_0)', 16.0, 'VND', 'Ăn Chiều', '2025-01-01', '6858ec18-26f4-5391-8911-ba222d0963fb', '6858ec18-26f4-5391-8911-ba222d0963fb');
INSERT INTO public.expense_splits (id, expense_id, user_id, split_method, split_value, computed_amount) VALUES ('9eb1c514-3322-484c-ae86-fdf9982ee6c6', 'cb16cd25-4c9d-4c67-b088-80e28ba2b47a', '17360c26-b252-55ba-aa56-fa0ccda470cc', 'exact', 16.0, 16.0);
INSERT INTO public.expenses (id, context_type, group_id, description, amount, currency, category, expense_date, paid_by_user_id, created_by) VALUES ('38f523d6-61e5-4edf-9b28-e942ba8630e2', 'group', '887b4ace-3f5a-555b-b257-7b4990d525d3', 'Ăn Chiều (Unnamed: 2_level_0)', 16.0, 'VND', 'Ăn Chiều', '2025-01-01', '6858ec18-26f4-5391-8911-ba222d0963fb', '6858ec18-26f4-5391-8911-ba222d0963fb');
INSERT INTO public.expense_splits (id, expense_id, user_id, split_method, split_value, computed_amount) VALUES ('b267161c-82f1-4a76-ba47-d1c92fe16d89', '38f523d6-61e5-4edf-9b28-e942ba8630e2', '9fb98854-1059-5f09-bfc9-105061f2ae1e', 'exact', 16.0, 16.0);
INSERT INTO public.expenses (id, context_type, group_id, description, amount, currency, category, expense_date, paid_by_user_id, created_by) VALUES ('6981bfcf-8fc8-4a76-a3f8-bec23b2cc214', 'group', '887b4ace-3f5a-555b-b257-7b4990d525d3', 'Ăn Chiều (Unnamed: 2_level_0)', 32.0, 'VND', 'Ăn Chiều', '2025-01-01', '6858ec18-26f4-5391-8911-ba222d0963fb', '6858ec18-26f4-5391-8911-ba222d0963fb');
INSERT INTO public.expense_splits (id, expense_id, user_id, split_method, split_value, computed_amount) VALUES ('492416a9-014c-413f-8df8-ab10bedc9f18', '6981bfcf-8fc8-4a76-a3f8-bec23b2cc214', 'f23d423d-2af6-5bad-aed7-1cbe6f0c9221', 'exact', 32.0, 32.0);
INSERT INTO public.expenses (id, context_type, group_id, description, amount, currency, category, expense_date, paid_by_user_id, created_by) VALUES ('8e153bf6-b101-4e6a-a2a4-c4f78ea7414f', 'group', '887b4ace-3f5a-555b-b257-7b4990d525d3', 'Icnoud (10/11)', 50.0, 'VND', 'Icnoud', '2025-11-10', '6858ec18-26f4-5391-8911-ba222d0963fb', '6858ec18-26f4-5391-8911-ba222d0963fb');
INSERT INTO public.expense_splits (id, expense_id, user_id, split_method, split_value, computed_amount) VALUES ('b2bc8f35-a874-4883-b8de-cc61cb76a420', '8e153bf6-b101-4e6a-a2a4-c4f78ea7414f', '166614ae-eede-5b6a-ae13-bdb4b2601639', 'exact', 50.0, 50.0);
INSERT INTO public.expenses (id, context_type, group_id, description, amount, currency, category, expense_date, paid_by_user_id, created_by) VALUES ('ce2948fd-4fef-454e-805e-deb6d7250a33', 'group', '887b4ace-3f5a-555b-b257-7b4990d525d3', 'Icnoud (10/11)', 50.0, 'VND', 'Icnoud', '2025-11-10', '6858ec18-26f4-5391-8911-ba222d0963fb', '6858ec18-26f4-5391-8911-ba222d0963fb');
INSERT INTO public.expense_splits (id, expense_id, user_id, split_method, split_value, computed_amount) VALUES ('476b56be-da4b-44ec-84b1-af61133f084c', 'ce2948fd-4fef-454e-805e-deb6d7250a33', '17360c26-b252-55ba-aa56-fa0ccda470cc', 'exact', 50.0, 50.0);
INSERT INTO public.expenses (id, context_type, group_id, description, amount, currency, category, expense_date, paid_by_user_id, created_by) VALUES ('3298e7ae-d6de-4807-82ba-94c7851b3d3a', 'group', '887b4ace-3f5a-555b-b257-7b4990d525d3', 'Icnoud (10/11)', 50.0, 'VND', 'Icnoud', '2025-11-10', '6858ec18-26f4-5391-8911-ba222d0963fb', '6858ec18-26f4-5391-8911-ba222d0963fb');
INSERT INTO public.expense_splits (id, expense_id, user_id, split_method, split_value, computed_amount) VALUES ('5bb73e3f-85f7-4f31-a41c-07e117373b20', '3298e7ae-d6de-4807-82ba-94c7851b3d3a', '9fb98854-1059-5f09-bfc9-105061f2ae1e', 'exact', 50.0, 50.0);
INSERT INTO public.expenses (id, context_type, group_id, description, amount, currency, category, expense_date, paid_by_user_id, created_by) VALUES ('16852ce4-5064-485c-855b-786b607f96da', 'group', '887b4ace-3f5a-555b-b257-7b4990d525d3', 'Icnoud (10/11)', 50.0, 'VND', 'Icnoud', '2025-11-10', '6858ec18-26f4-5391-8911-ba222d0963fb', '6858ec18-26f4-5391-8911-ba222d0963fb');
INSERT INTO public.expense_splits (id, expense_id, user_id, split_method, split_value, computed_amount) VALUES ('2493724d-6746-405e-9644-4a44689edde0', '16852ce4-5064-485c-855b-786b607f96da', '6858ec18-26f4-5391-8911-ba222d0963fb', 'exact', 50.0, 50.0);
INSERT INTO public.expenses (id, context_type, group_id, description, amount, currency, category, expense_date, paid_by_user_id, created_by) VALUES ('8ae227ca-2f51-4da3-be9d-2a474faf5441', 'group', '887b4ace-3f5a-555b-b257-7b4990d525d3', 'Nước (Unnamed: 8_level_0)', 139.1, 'VND', 'Nước', '2025-01-01', '6858ec18-26f4-5391-8911-ba222d0963fb', '6858ec18-26f4-5391-8911-ba222d0963fb');
INSERT INTO public.expense_splits (id, expense_id, user_id, split_method, split_value, computed_amount) VALUES ('c57dbd46-9685-4e73-9a66-e74a573c7a70', '8ae227ca-2f51-4da3-be9d-2a474faf5441', 'f23d423d-2af6-5bad-aed7-1cbe6f0c9221', 'exact', 139.1, 139.1);
INSERT INTO public.expenses (id, context_type, group_id, description, amount, currency, category, expense_date, paid_by_user_id, created_by) VALUES ('a503a6f0-e3a6-49af-a1cb-87351dbdad3c', 'group', '887b4ace-3f5a-555b-b257-7b4990d525d3', 'Cà phê (09/04)', 27.0, 'VND', 'Cà phê', '2025-04-09', '6858ec18-26f4-5391-8911-ba222d0963fb', '6858ec18-26f4-5391-8911-ba222d0963fb');
INSERT INTO public.expense_splits (id, expense_id, user_id, split_method, split_value, computed_amount) VALUES ('77ccb29d-877a-45d1-9203-df3c6cb2336a', 'a503a6f0-e3a6-49af-a1cb-87351dbdad3c', '166614ae-eede-5b6a-ae13-bdb4b2601639', 'exact', 27.0, 27.0);
INSERT INTO public.expenses (id, context_type, group_id, description, amount, currency, category, expense_date, paid_by_user_id, created_by) VALUES ('2af932b3-1880-441e-a372-f757196feba6', 'group', '887b4ace-3f5a-555b-b257-7b4990d525d3', 'Cà phê (09/04)', 27.0, 'VND', 'Cà phê', '2025-04-09', '6858ec18-26f4-5391-8911-ba222d0963fb', '6858ec18-26f4-5391-8911-ba222d0963fb');
INSERT INTO public.expense_splits (id, expense_id, user_id, split_method, split_value, computed_amount) VALUES ('7551a152-e560-41d2-9103-2c838d395a69', '2af932b3-1880-441e-a372-f757196feba6', '9fb98854-1059-5f09-bfc9-105061f2ae1e', 'exact', 27.0, 27.0);
INSERT INTO public.expenses (id, context_type, group_id, description, amount, currency, category, expense_date, paid_by_user_id, created_by) VALUES ('a700cbba-5248-4a98-9225-42ef16efcf57', 'group', '887b4ace-3f5a-555b-b257-7b4990d525d3', 'Cà phê (09/04)', 33.0, 'VND', 'Cà phê', '2025-04-09', '6858ec18-26f4-5391-8911-ba222d0963fb', '6858ec18-26f4-5391-8911-ba222d0963fb');
INSERT INTO public.expense_splits (id, expense_id, user_id, split_method, split_value, computed_amount) VALUES ('00a8ca9f-461d-48a6-85da-62f0fd7e7bdb', 'a700cbba-5248-4a98-9225-42ef16efcf57', 'ea515426-5b85-5aba-a7a0-ea47c72537a1', 'exact', 33.0, 33.0);
INSERT INTO public.expenses (id, context_type, group_id, description, amount, currency, category, expense_date, paid_by_user_id, created_by) VALUES ('e8691802-10d5-43ea-8880-6a3de3ba3b71', 'group', '887b4ace-3f5a-555b-b257-7b4990d525d3', 'Cà phê (09/04)', 33.0, 'VND', 'Cà phê', '2025-04-09', '6858ec18-26f4-5391-8911-ba222d0963fb', '6858ec18-26f4-5391-8911-ba222d0963fb');
INSERT INTO public.expense_splits (id, expense_id, user_id, split_method, split_value, computed_amount) VALUES ('b161705a-75df-4184-89ae-ae9b3ea17dc7', 'e8691802-10d5-43ea-8880-6a3de3ba3b71', '6858ec18-26f4-5391-8911-ba222d0963fb', 'exact', 33.0, 33.0);
INSERT INTO public.expenses (id, context_type, group_id, description, amount, currency, category, expense_date, paid_by_user_id, created_by) VALUES ('4d1c05f8-a741-4602-b3ed-8d0740d4500d', 'group', '887b4ace-3f5a-555b-b257-7b4990d525d3', 'Cà phê (11/04)', 39.0, 'VND', 'Cà phê', '2025-04-11', '6858ec18-26f4-5391-8911-ba222d0963fb', '6858ec18-26f4-5391-8911-ba222d0963fb');
INSERT INTO public.expense_splits (id, expense_id, user_id, split_method, split_value, computed_amount) VALUES ('576880b1-84e7-4ba6-aa93-3f2d245f725a', '4d1c05f8-a741-4602-b3ed-8d0740d4500d', '166614ae-eede-5b6a-ae13-bdb4b2601639', 'exact', 39.0, 39.0);
INSERT INTO public.expenses (id, context_type, group_id, description, amount, currency, category, expense_date, paid_by_user_id, created_by) VALUES ('98a37647-bb1c-4567-a94f-6bd99b63d275', 'group', '887b4ace-3f5a-555b-b257-7b4990d525d3', 'Cà phê (11/04)', 55.0, 'VND', 'Cà phê', '2025-04-11', '6858ec18-26f4-5391-8911-ba222d0963fb', '6858ec18-26f4-5391-8911-ba222d0963fb');
INSERT INTO public.expense_splits (id, expense_id, user_id, split_method, split_value, computed_amount) VALUES ('cce1e7bc-5ba8-420f-9a08-6871c84182df', '98a37647-bb1c-4567-a94f-6bd99b63d275', 'ea515426-5b85-5aba-a7a0-ea47c72537a1', 'exact', 55.0, 55.0);
INSERT INTO public.expenses (id, context_type, group_id, description, amount, currency, category, expense_date, paid_by_user_id, created_by) VALUES ('3978386f-887d-4a9b-81ff-ed8958ef45d3', 'group', '887b4ace-3f5a-555b-b257-7b4990d525d3', 'Cà phê (11/04)', 55.0, 'VND', 'Cà phê', '2025-04-11', '6858ec18-26f4-5391-8911-ba222d0963fb', '6858ec18-26f4-5391-8911-ba222d0963fb');
INSERT INTO public.expense_splits (id, expense_id, user_id, split_method, split_value, computed_amount) VALUES ('7719b93a-117e-4b61-a693-3bf79fc4754f', '3978386f-887d-4a9b-81ff-ed8958ef45d3', '6858ec18-26f4-5391-8911-ba222d0963fb', 'exact', 55.0, 55.0);
INSERT INTO public.expenses (id, context_type, group_id, description, amount, currency, category, expense_date, paid_by_user_id, created_by) VALUES ('e9c883f1-c9ee-4e47-8fac-6459609e1435', 'group', '887b4ace-3f5a-555b-b257-7b4990d525d3', 'Ăn Chiều (Unnamed: 2_level_0)', 24.0, 'VND', 'Ăn Chiều', '2025-01-01', '6858ec18-26f4-5391-8911-ba222d0963fb', '6858ec18-26f4-5391-8911-ba222d0963fb');
INSERT INTO public.expense_splits (id, expense_id, user_id, split_method, split_value, computed_amount) VALUES ('ba89040b-e3b0-42ca-9350-b140c6cf5d0f', 'e9c883f1-c9ee-4e47-8fac-6459609e1435', '9fb98854-1059-5f09-bfc9-105061f2ae1e', 'exact', 24.0, 24.0);
INSERT INTO public.expenses (id, context_type, group_id, description, amount, currency, category, expense_date, paid_by_user_id, created_by) VALUES ('878a82a2-fb14-4315-b3fe-f18851eaca39', 'group', '887b4ace-3f5a-555b-b257-7b4990d525d3', 'Ăn Chiều (Unnamed: 2_level_0)', 40.0, 'VND', 'Ăn Chiều', '2025-01-01', '6858ec18-26f4-5391-8911-ba222d0963fb', '6858ec18-26f4-5391-8911-ba222d0963fb');
INSERT INTO public.expense_splits (id, expense_id, user_id, split_method, split_value, computed_amount) VALUES ('dbd06136-89f7-4d05-8512-3f6f70f60f46', '878a82a2-fb14-4315-b3fe-f18851eaca39', '54aa4cd7-656b-5705-819d-eec91c7c356c', 'exact', 40.0, 40.0);
INSERT INTO public.expenses (id, context_type, group_id, description, amount, currency, category, expense_date, paid_by_user_id, created_by) VALUES ('61150c80-c458-4620-87a4-cae29bafd792', 'group', '887b4ace-3f5a-555b-b257-7b4990d525d3', 'Ăn Chiều (Unnamed: 2_level_0)', 28.0, 'VND', 'Ăn Chiều', '2025-01-01', '6858ec18-26f4-5391-8911-ba222d0963fb', '6858ec18-26f4-5391-8911-ba222d0963fb');
INSERT INTO public.expense_splits (id, expense_id, user_id, split_method, split_value, computed_amount) VALUES ('cc6cba37-7176-49c2-84e9-1a79d7ad5d14', '61150c80-c458-4620-87a4-cae29bafd792', '82c3f1f5-5bb5-57b1-8e8b-6dbc5ab50ab9', 'exact', 28.0, 28.0);
INSERT INTO public.expenses (id, context_type, group_id, description, amount, currency, category, expense_date, paid_by_user_id, created_by) VALUES ('af4c6eb6-c0fa-45c2-afb2-5c23064be133', 'group', '887b4ace-3f5a-555b-b257-7b4990d525d3', 'Ăn Chiều (Unnamed: 2_level_0)', 32.0, 'VND', 'Ăn Chiều', '2025-01-01', '6858ec18-26f4-5391-8911-ba222d0963fb', '6858ec18-26f4-5391-8911-ba222d0963fb');
INSERT INTO public.expense_splits (id, expense_id, user_id, split_method, split_value, computed_amount) VALUES ('b19a99e7-9f30-4989-a0d4-4dd07cebcfea', 'af4c6eb6-c0fa-45c2-afb2-5c23064be133', '6858ec18-26f4-5391-8911-ba222d0963fb', 'exact', 32.0, 32.0);
INSERT INTO public.expenses (id, context_type, group_id, description, amount, currency, category, expense_date, paid_by_user_id, created_by) VALUES ('1641aa16-4d4e-4b5c-acc4-60b6c9e49da3', 'group', '887b4ace-3f5a-555b-b257-7b4990d525d3', 'Cà phê (01/10)', 36.0, 'VND', 'Cà phê', '2025-10-01', '6858ec18-26f4-5391-8911-ba222d0963fb', '6858ec18-26f4-5391-8911-ba222d0963fb');
INSERT INTO public.expense_splits (id, expense_id, user_id, split_method, split_value, computed_amount) VALUES ('589da036-8380-4033-91d5-0c6e8cb52e05', '1641aa16-4d4e-4b5c-acc4-60b6c9e49da3', '54aa4cd7-656b-5705-819d-eec91c7c356c', 'exact', 36.0, 36.0);
INSERT INTO public.expenses (id, context_type, group_id, description, amount, currency, category, expense_date, paid_by_user_id, created_by) VALUES ('5ec6fff3-91cf-457b-afd4-7a262404eb2a', 'group', '887b4ace-3f5a-555b-b257-7b4990d525d3', 'Cà phê (04/09)', 39.0, 'VND', 'Cà phê', '2025-09-04', '6858ec18-26f4-5391-8911-ba222d0963fb', '6858ec18-26f4-5391-8911-ba222d0963fb');
INSERT INTO public.expense_splits (id, expense_id, user_id, split_method, split_value, computed_amount) VALUES ('e1dda53b-ea54-4da6-96ca-a8b7d16a224c', '5ec6fff3-91cf-457b-afd4-7a262404eb2a', '166614ae-eede-5b6a-ae13-bdb4b2601639', 'exact', 39.0, 39.0);
INSERT INTO public.expenses (id, context_type, group_id, description, amount, currency, category, expense_date, paid_by_user_id, created_by) VALUES ('0f6e18c5-054b-4189-b7d3-741cb42919ad', 'group', '887b4ace-3f5a-555b-b257-7b4990d525d3', 'Cà phê (04/09)', 55.0, 'VND', 'Cà phê', '2025-09-04', '6858ec18-26f4-5391-8911-ba222d0963fb', '6858ec18-26f4-5391-8911-ba222d0963fb');
INSERT INTO public.expense_splits (id, expense_id, user_id, split_method, split_value, computed_amount) VALUES ('e25cff9c-9c2b-4eba-b422-3a223cf9d257', '0f6e18c5-054b-4189-b7d3-741cb42919ad', 'f23d423d-2af6-5bad-aed7-1cbe6f0c9221', 'exact', 55.0, 55.0);
INSERT INTO public.expenses (id, context_type, group_id, description, amount, currency, category, expense_date, paid_by_user_id, created_by) VALUES ('d6586202-3ba2-4f8b-a2ca-00f8bb0b58e6', 'group', '887b4ace-3f5a-555b-b257-7b4990d525d3', 'Cà phê (04/09)', 55.0, 'VND', 'Cà phê', '2025-09-04', '6858ec18-26f4-5391-8911-ba222d0963fb', '6858ec18-26f4-5391-8911-ba222d0963fb');
INSERT INTO public.expense_splits (id, expense_id, user_id, split_method, split_value, computed_amount) VALUES ('b46228e6-bdb7-4f55-8247-0213e96ead7d', 'd6586202-3ba2-4f8b-a2ca-00f8bb0b58e6', 'ea515426-5b85-5aba-a7a0-ea47c72537a1', 'exact', 55.0, 55.0);
INSERT INTO public.expenses (id, context_type, group_id, description, amount, currency, category, expense_date, paid_by_user_id, created_by) VALUES ('b15f8212-8014-4331-b6ea-e945df1fc4da', 'group', '887b4ace-3f5a-555b-b257-7b4990d525d3', 'Cà phê (04/09)', 55.0, 'VND', 'Cà phê', '2025-09-04', '6858ec18-26f4-5391-8911-ba222d0963fb', '6858ec18-26f4-5391-8911-ba222d0963fb');
INSERT INTO public.expense_splits (id, expense_id, user_id, split_method, split_value, computed_amount) VALUES ('86c4cd8d-4a47-40e5-9110-a7eb2a73dba0', 'b15f8212-8014-4331-b6ea-e945df1fc4da', '6858ec18-26f4-5391-8911-ba222d0963fb', 'exact', 55.0, 55.0);
INSERT INTO public.expenses (id, context_type, group_id, description, amount, currency, category, expense_date, paid_by_user_id, created_by) VALUES ('6c452d22-8a16-45c8-9316-57d3a1951690', 'group', '887b4ace-3f5a-555b-b257-7b4990d525d3', 'Ăn tối (Unnamed: 14_level_0)', 201.0, 'VND', 'Ăn tối', '2025-01-01', '6858ec18-26f4-5391-8911-ba222d0963fb', '6858ec18-26f4-5391-8911-ba222d0963fb');
INSERT INTO public.expense_splits (id, expense_id, user_id, split_method, split_value, computed_amount) VALUES ('ed6fb203-3a79-4f02-b8d5-a79a7b9fbcef', '6c452d22-8a16-45c8-9316-57d3a1951690', '166614ae-eede-5b6a-ae13-bdb4b2601639', 'exact', 201.0, 201.0);
INSERT INTO public.expenses (id, context_type, group_id, description, amount, currency, category, expense_date, paid_by_user_id, created_by) VALUES ('4b24f568-1ef7-4c96-9838-1873c72deba9', 'group', '887b4ace-3f5a-555b-b257-7b4990d525d3', 'Ăn tối (Unnamed: 14_level_0)', 201.0, 'VND', 'Ăn tối', '2025-01-01', '6858ec18-26f4-5391-8911-ba222d0963fb', '6858ec18-26f4-5391-8911-ba222d0963fb');
INSERT INTO public.expense_splits (id, expense_id, user_id, split_method, split_value, computed_amount) VALUES ('c65fe0cd-c70a-4fc4-9d64-7ceb8c46c485', '4b24f568-1ef7-4c96-9838-1873c72deba9', '17360c26-b252-55ba-aa56-fa0ccda470cc', 'exact', 201.0, 201.0);
INSERT INTO public.expenses (id, context_type, group_id, description, amount, currency, category, expense_date, paid_by_user_id, created_by) VALUES ('f15641ef-71df-463f-988f-de8b1c0a1913', 'group', '887b4ace-3f5a-555b-b257-7b4990d525d3', 'Ăn tối (Unnamed: 14_level_0)', 201.0, 'VND', 'Ăn tối', '2025-01-01', '6858ec18-26f4-5391-8911-ba222d0963fb', '6858ec18-26f4-5391-8911-ba222d0963fb');
INSERT INTO public.expense_splits (id, expense_id, user_id, split_method, split_value, computed_amount) VALUES ('e3d18edb-185b-491f-a1d0-bc2deaa3bd8f', 'f15641ef-71df-463f-988f-de8b1c0a1913', '9fb98854-1059-5f09-bfc9-105061f2ae1e', 'exact', 201.0, 201.0);
INSERT INTO public.expenses (id, context_type, group_id, description, amount, currency, category, expense_date, paid_by_user_id, created_by) VALUES ('045b74de-19c4-41b3-9328-ff61627761d3', 'group', '887b4ace-3f5a-555b-b257-7b4990d525d3', 'Ăn tối (Unnamed: 14_level_0)', 201.0, 'VND', 'Ăn tối', '2025-01-01', '6858ec18-26f4-5391-8911-ba222d0963fb', '6858ec18-26f4-5391-8911-ba222d0963fb');
INSERT INTO public.expense_splits (id, expense_id, user_id, split_method, split_value, computed_amount) VALUES ('003b2239-5f25-4848-9766-16b0f16f451b', '045b74de-19c4-41b3-9328-ff61627761d3', 'ea515426-5b85-5aba-a7a0-ea47c72537a1', 'exact', 201.0, 201.0);
INSERT INTO public.expenses (id, context_type, group_id, description, amount, currency, category, expense_date, paid_by_user_id, created_by) VALUES ('087499ce-1e71-41e1-800d-6ef57da8d526', 'group', '887b4ace-3f5a-555b-b257-7b4990d525d3', 'Ăn tối (Unnamed: 14_level_0)', 201.0, 'VND', 'Ăn tối', '2025-01-01', '6858ec18-26f4-5391-8911-ba222d0963fb', '6858ec18-26f4-5391-8911-ba222d0963fb');
INSERT INTO public.expense_splits (id, expense_id, user_id, split_method, split_value, computed_amount) VALUES ('55d5f47a-ffd3-4568-8b4f-de9536897dee', '087499ce-1e71-41e1-800d-6ef57da8d526', '6858ec18-26f4-5391-8911-ba222d0963fb', 'exact', 201.0, 201.0);
INSERT INTO public.expenses (id, context_type, group_id, description, amount, currency, category, expense_date, paid_by_user_id, created_by) VALUES ('862b7679-3311-4142-b202-d8654a1eebc5', 'group', '887b4ace-3f5a-555b-b257-7b4990d525d3', 'Cơm trưa (Unnamed: 2_level_0)', 16.0, 'VND', 'Cơm trưa', '2025-01-01', '6858ec18-26f4-5391-8911-ba222d0963fb', '6858ec18-26f4-5391-8911-ba222d0963fb');
INSERT INTO public.expense_splits (id, expense_id, user_id, split_method, split_value, computed_amount) VALUES ('43af8feb-6b74-4263-9ee3-0e5dafbdc0f7', '862b7679-3311-4142-b202-d8654a1eebc5', '6c5a61c6-7891-50a2-a37b-78ae38c39c02', 'exact', 16.0, 16.0);
INSERT INTO public.expenses (id, context_type, group_id, description, amount, currency, category, expense_date, paid_by_user_id, created_by) VALUES ('58b262ad-105a-462a-ad64-acf104625aa2', 'group', '887b4ace-3f5a-555b-b257-7b4990d525d3', 'Cơm trưa (Unnamed: 2_level_0)', 16.0, 'VND', 'Cơm trưa', '2025-01-01', '6858ec18-26f4-5391-8911-ba222d0963fb', '6858ec18-26f4-5391-8911-ba222d0963fb');
INSERT INTO public.expense_splits (id, expense_id, user_id, split_method, split_value, computed_amount) VALUES ('01e577d2-8e83-42af-bdab-74abd257740a', '58b262ad-105a-462a-ad64-acf104625aa2', '17360c26-b252-55ba-aa56-fa0ccda470cc', 'exact', 16.0, 16.0);
INSERT INTO public.expenses (id, context_type, group_id, description, amount, currency, category, expense_date, paid_by_user_id, created_by) VALUES ('b0abc134-80d1-43ef-a81e-db6b8f101500', 'group', '887b4ace-3f5a-555b-b257-7b4990d525d3', 'Cơm trưa (Unnamed: 2_level_0)', 24.0, 'VND', 'Cơm trưa', '2025-01-01', '6858ec18-26f4-5391-8911-ba222d0963fb', '6858ec18-26f4-5391-8911-ba222d0963fb');
INSERT INTO public.expense_splits (id, expense_id, user_id, split_method, split_value, computed_amount) VALUES ('116681a1-03d1-45f7-86e6-765d1c5b7cf7', 'b0abc134-80d1-43ef-a81e-db6b8f101500', '9fb98854-1059-5f09-bfc9-105061f2ae1e', 'exact', 24.0, 24.0);
INSERT INTO public.expenses (id, context_type, group_id, description, amount, currency, category, expense_date, paid_by_user_id, created_by) VALUES ('bca4f35a-b792-4b36-9496-5b2b40b99116', 'group', '887b4ace-3f5a-555b-b257-7b4990d525d3', 'Cơm trưa (Unnamed: 2_level_0)', 35.0, 'VND', 'Cơm trưa', '2025-01-01', '6858ec18-26f4-5391-8911-ba222d0963fb', '6858ec18-26f4-5391-8911-ba222d0963fb');
INSERT INTO public.expense_splits (id, expense_id, user_id, split_method, split_value, computed_amount) VALUES ('52110cd8-c951-4c09-bdd0-586893468b1b', 'bca4f35a-b792-4b36-9496-5b2b40b99116', 'f23d423d-2af6-5bad-aed7-1cbe6f0c9221', 'exact', 35.0, 35.0);
INSERT INTO public.expenses (id, context_type, group_id, description, amount, currency, category, expense_date, paid_by_user_id, created_by) VALUES ('65253c64-6fe3-416d-89c8-70ccf1796554', 'group', '887b4ace-3f5a-555b-b257-7b4990d525d3', 'Cơm trưa (Unnamed: 2_level_0)', 18.0, 'VND', 'Cơm trưa', '2025-01-01', '6858ec18-26f4-5391-8911-ba222d0963fb', '6858ec18-26f4-5391-8911-ba222d0963fb');
INSERT INTO public.expense_splits (id, expense_id, user_id, split_method, split_value, computed_amount) VALUES ('b13bf3d3-6b5c-4d94-9155-867618531ab2', '65253c64-6fe3-416d-89c8-70ccf1796554', '82c3f1f5-5bb5-57b1-8e8b-6dbc5ab50ab9', 'exact', 18.0, 18.0);
INSERT INTO public.expenses (id, context_type, group_id, description, amount, currency, category, expense_date, paid_by_user_id, created_by) VALUES ('dc72408d-0bda-4690-87c8-1d00ac42d242', 'group', '887b4ace-3f5a-555b-b257-7b4990d525d3', 'Cơm trưa (Unnamed: 2_level_0)', 32.0, 'VND', 'Cơm trưa', '2025-01-01', '6858ec18-26f4-5391-8911-ba222d0963fb', '6858ec18-26f4-5391-8911-ba222d0963fb');
INSERT INTO public.expense_splits (id, expense_id, user_id, split_method, split_value, computed_amount) VALUES ('b34c30bd-5c54-4758-9631-1c3a92175461', 'dc72408d-0bda-4690-87c8-1d00ac42d242', '6858ec18-26f4-5391-8911-ba222d0963fb', 'exact', 32.0, 32.0);
INSERT INTO public.expenses (id, context_type, group_id, description, amount, currency, category, expense_date, paid_by_user_id, created_by) VALUES ('5487f685-0929-4603-b3aa-94dc272b538d', 'group', '887b4ace-3f5a-555b-b257-7b4990d525d3', 'Sushi (Unnamed: 6_level_0)', 300.0, 'VND', 'Sushi', '2025-01-01', '6858ec18-26f4-5391-8911-ba222d0963fb', '6858ec18-26f4-5391-8911-ba222d0963fb');
INSERT INTO public.expense_splits (id, expense_id, user_id, split_method, split_value, computed_amount) VALUES ('c2a9230f-791c-452f-a329-38b9ccf98073', '5487f685-0929-4603-b3aa-94dc272b538d', '6c5a61c6-7891-50a2-a37b-78ae38c39c02', 'exact', 300.0, 300.0);
INSERT INTO public.expenses (id, context_type, group_id, description, amount, currency, category, expense_date, paid_by_user_id, created_by) VALUES ('115fb8b7-8173-4ae2-b284-b6ac46d7ad25', 'group', '887b4ace-3f5a-555b-b257-7b4990d525d3', 'Sushi (Unnamed: 6_level_0)', 300.0, 'VND', 'Sushi', '2025-01-01', '6858ec18-26f4-5391-8911-ba222d0963fb', '6858ec18-26f4-5391-8911-ba222d0963fb');
INSERT INTO public.expense_splits (id, expense_id, user_id, split_method, split_value, computed_amount) VALUES ('34418f51-af87-4506-abc0-19738dd4d90d', '115fb8b7-8173-4ae2-b284-b6ac46d7ad25', '166614ae-eede-5b6a-ae13-bdb4b2601639', 'exact', 300.0, 300.0);
INSERT INTO public.expenses (id, context_type, group_id, description, amount, currency, category, expense_date, paid_by_user_id, created_by) VALUES ('4f06264b-d700-4bb4-b752-2791e2e52461', 'group', '887b4ace-3f5a-555b-b257-7b4990d525d3', 'Sushi (Unnamed: 6_level_0)', 300.0, 'VND', 'Sushi', '2025-01-01', '6858ec18-26f4-5391-8911-ba222d0963fb', '6858ec18-26f4-5391-8911-ba222d0963fb');
INSERT INTO public.expense_splits (id, expense_id, user_id, split_method, split_value, computed_amount) VALUES ('84bc8bef-2745-42ef-b728-2faddeeaeb95', '4f06264b-d700-4bb4-b752-2791e2e52461', '17360c26-b252-55ba-aa56-fa0ccda470cc', 'exact', 300.0, 300.0);
INSERT INTO public.expenses (id, context_type, group_id, description, amount, currency, category, expense_date, paid_by_user_id, created_by) VALUES ('c3814e4a-9738-42e7-8283-32e3cf69efde', 'group', '887b4ace-3f5a-555b-b257-7b4990d525d3', 'Sushi (Unnamed: 6_level_0)', 155.0, 'VND', 'Sushi', '2025-01-01', '6858ec18-26f4-5391-8911-ba222d0963fb', '6858ec18-26f4-5391-8911-ba222d0963fb');
INSERT INTO public.expense_splits (id, expense_id, user_id, split_method, split_value, computed_amount) VALUES ('0980d12e-b0dd-440e-9b73-b53ae45c5979', 'c3814e4a-9738-42e7-8283-32e3cf69efde', '9fb98854-1059-5f09-bfc9-105061f2ae1e', 'exact', 155.0, 155.0);
INSERT INTO public.expenses (id, context_type, group_id, description, amount, currency, category, expense_date, paid_by_user_id, created_by) VALUES ('1bf18f4e-60c3-4dd1-ae98-d9b4442955bd', 'group', '887b4ace-3f5a-555b-b257-7b4990d525d3', 'Sushi (Unnamed: 6_level_0)', 183.0, 'VND', 'Sushi', '2025-01-01', '6858ec18-26f4-5391-8911-ba222d0963fb', '6858ec18-26f4-5391-8911-ba222d0963fb');
INSERT INTO public.expense_splits (id, expense_id, user_id, split_method, split_value, computed_amount) VALUES ('eba7bb86-b7dc-409c-9dff-1896eb984ab4', '1bf18f4e-60c3-4dd1-ae98-d9b4442955bd', 'ea515426-5b85-5aba-a7a0-ea47c72537a1', 'exact', 183.0, 183.0);
INSERT INTO public.expenses (id, context_type, group_id, description, amount, currency, category, expense_date, paid_by_user_id, created_by) VALUES ('cea24570-3f28-4d6e-9d84-1998335d6b17', 'group', '887b4ace-3f5a-555b-b257-7b4990d525d3', 'Sushi (Unnamed: 6_level_0)', 321.0, 'VND', 'Sushi', '2025-01-01', '6858ec18-26f4-5391-8911-ba222d0963fb', '6858ec18-26f4-5391-8911-ba222d0963fb');
INSERT INTO public.expense_splits (id, expense_id, user_id, split_method, split_value, computed_amount) VALUES ('4f112787-71e0-44b6-9439-47dbd0dcaf91', 'cea24570-3f28-4d6e-9d84-1998335d6b17', '6858ec18-26f4-5391-8911-ba222d0963fb', 'exact', 321.0, 321.0);
INSERT INTO public.expenses (id, context_type, group_id, description, amount, currency, category, expense_date, paid_by_user_id, created_by) VALUES ('b1821001-9772-460e-b558-28b74fc2de4f', 'group', '887b4ace-3f5a-555b-b257-7b4990d525d3', 'Cà phê (14/04)', 29.0, 'VND', 'Cà phê', '2025-04-14', '6858ec18-26f4-5391-8911-ba222d0963fb', '6858ec18-26f4-5391-8911-ba222d0963fb');
INSERT INTO public.expense_splits (id, expense_id, user_id, split_method, split_value, computed_amount) VALUES ('7ed96e5e-de0f-4c09-adb3-7d5d8282559c', 'b1821001-9772-460e-b558-28b74fc2de4f', '166614ae-eede-5b6a-ae13-bdb4b2601639', 'exact', 29.0, 29.0);
INSERT INTO public.expenses (id, context_type, group_id, description, amount, currency, category, expense_date, paid_by_user_id, created_by) VALUES ('bd06e896-2d6d-4e77-9cb6-583191c438a9', 'group', '887b4ace-3f5a-555b-b257-7b4990d525d3', 'Cà phê (14/04)', 36.0, 'VND', 'Cà phê', '2025-04-14', '6858ec18-26f4-5391-8911-ba222d0963fb', '6858ec18-26f4-5391-8911-ba222d0963fb');
INSERT INTO public.expense_splits (id, expense_id, user_id, split_method, split_value, computed_amount) VALUES ('7d868d9f-7a0d-4780-b515-eb377d1d263e', 'bd06e896-2d6d-4e77-9cb6-583191c438a9', 'ea515426-5b85-5aba-a7a0-ea47c72537a1', 'exact', 36.0, 36.0);
INSERT INTO public.expenses (id, context_type, group_id, description, amount, currency, category, expense_date, paid_by_user_id, created_by) VALUES ('caa67fab-cf69-49a5-ae96-76140cfae448', 'group', '887b4ace-3f5a-555b-b257-7b4990d525d3', 'Cà phê (14/04)', 40.0, 'VND', 'Cà phê', '2025-04-14', '6858ec18-26f4-5391-8911-ba222d0963fb', '6858ec18-26f4-5391-8911-ba222d0963fb');
INSERT INTO public.expense_splits (id, expense_id, user_id, split_method, split_value, computed_amount) VALUES ('73ee2a0e-1bc6-41fa-b293-8fda4fe50430', 'caa67fab-cf69-49a5-ae96-76140cfae448', '6858ec18-26f4-5391-8911-ba222d0963fb', 'exact', 40.0, 40.0);
INSERT INTO public.expenses (id, context_type, group_id, description, amount, currency, category, expense_date, paid_by_user_id, created_by) VALUES ('37142ac4-c389-4815-b7cb-ff0b7942ae39', 'group', '887b4ace-3f5a-555b-b257-7b4990d525d3', 'Cà phê (15/04)', 27.0, 'VND', 'Cà phê', '2025-04-15', '6858ec18-26f4-5391-8911-ba222d0963fb', '6858ec18-26f4-5391-8911-ba222d0963fb');
INSERT INTO public.expense_splits (id, expense_id, user_id, split_method, split_value, computed_amount) VALUES ('debf0541-62e9-4b4b-b1b7-310302bd035f', '37142ac4-c389-4815-b7cb-ff0b7942ae39', '166614ae-eede-5b6a-ae13-bdb4b2601639', 'exact', 27.0, 27.0);
INSERT INTO public.expenses (id, context_type, group_id, description, amount, currency, category, expense_date, paid_by_user_id, created_by) VALUES ('a152cb59-7fb9-4ac2-b068-b1ab92f9eddd', 'group', '887b4ace-3f5a-555b-b257-7b4990d525d3', 'Cà phê (15/04)', 33.0, 'VND', 'Cà phê', '2025-04-15', '6858ec18-26f4-5391-8911-ba222d0963fb', '6858ec18-26f4-5391-8911-ba222d0963fb');
INSERT INTO public.expense_splits (id, expense_id, user_id, split_method, split_value, computed_amount) VALUES ('7b24fe4d-87c1-4176-b678-7eff4d351a02', 'a152cb59-7fb9-4ac2-b068-b1ab92f9eddd', 'ea515426-5b85-5aba-a7a0-ea47c72537a1', 'exact', 33.0, 33.0);
INSERT INTO public.expenses (id, context_type, group_id, description, amount, currency, category, expense_date, paid_by_user_id, created_by) VALUES ('af1683e8-e5af-4c01-ba7c-26254e56b092', 'group', '887b4ace-3f5a-555b-b257-7b4990d525d3', 'Cà phê (15/04)', 34.0, 'VND', 'Cà phê', '2025-04-15', '6858ec18-26f4-5391-8911-ba222d0963fb', '6858ec18-26f4-5391-8911-ba222d0963fb');
INSERT INTO public.expense_splits (id, expense_id, user_id, split_method, split_value, computed_amount) VALUES ('4359268d-bbb1-4eb0-99de-7e6cfe8758a4', 'af1683e8-e5af-4c01-ba7c-26254e56b092', '6858ec18-26f4-5391-8911-ba222d0963fb', 'exact', 34.0, 34.0);
INSERT INTO public.expenses (id, context_type, group_id, description, amount, currency, category, expense_date, paid_by_user_id, created_by) VALUES ('3d98edab-ff7d-49d8-978a-cae825203290', 'group', '887b4ace-3f5a-555b-b257-7b4990d525d3', 'Cơm trưa (Unnamed: 8_level_0)', 95.0, 'VND', 'Cơm trưa', '2025-01-01', '6858ec18-26f4-5391-8911-ba222d0963fb', '6858ec18-26f4-5391-8911-ba222d0963fb');
INSERT INTO public.expense_splits (id, expense_id, user_id, split_method, split_value, computed_amount) VALUES ('7880c21b-91ea-4d3d-bc14-58a964b59c6a', '3d98edab-ff7d-49d8-978a-cae825203290', '6c5a61c6-7891-50a2-a37b-78ae38c39c02', 'exact', 95.0, 95.0);
INSERT INTO public.expenses (id, context_type, group_id, description, amount, currency, category, expense_date, paid_by_user_id, created_by) VALUES ('1067d9f0-8f9a-494b-a0e4-b6877cc41a88', 'group', '887b4ace-3f5a-555b-b257-7b4990d525d3', 'Cơm trưa (Unnamed: 8_level_0)', 85.0, 'VND', 'Cơm trưa', '2025-01-01', '6858ec18-26f4-5391-8911-ba222d0963fb', '6858ec18-26f4-5391-8911-ba222d0963fb');
INSERT INTO public.expense_splits (id, expense_id, user_id, split_method, split_value, computed_amount) VALUES ('d8f0920a-e29f-41b1-b285-a38464a649f5', '1067d9f0-8f9a-494b-a0e4-b6877cc41a88', '166614ae-eede-5b6a-ae13-bdb4b2601639', 'exact', 85.0, 85.0);
INSERT INTO public.expenses (id, context_type, group_id, description, amount, currency, category, expense_date, paid_by_user_id, created_by) VALUES ('efbb36f1-b5ed-4348-bfef-2856438ddeb3', 'group', '887b4ace-3f5a-555b-b257-7b4990d525d3', 'Cơm trưa (Unnamed: 8_level_0)', 86.0, 'VND', 'Cơm trưa', '2025-01-01', '6858ec18-26f4-5391-8911-ba222d0963fb', '6858ec18-26f4-5391-8911-ba222d0963fb');
INSERT INTO public.expense_splits (id, expense_id, user_id, split_method, split_value, computed_amount) VALUES ('a039402d-9057-49e9-a7a4-19408e3166d6', 'efbb36f1-b5ed-4348-bfef-2856438ddeb3', '17360c26-b252-55ba-aa56-fa0ccda470cc', 'exact', 86.0, 86.0);
INSERT INTO public.expenses (id, context_type, group_id, description, amount, currency, category, expense_date, paid_by_user_id, created_by) VALUES ('120eaa0b-5856-4328-a178-c23f4be49c85', 'group', '887b4ace-3f5a-555b-b257-7b4990d525d3', 'Cơm trưa (Unnamed: 8_level_0)', 85.0, 'VND', 'Cơm trưa', '2025-01-01', '6858ec18-26f4-5391-8911-ba222d0963fb', '6858ec18-26f4-5391-8911-ba222d0963fb');
INSERT INTO public.expense_splits (id, expense_id, user_id, split_method, split_value, computed_amount) VALUES ('985dcb5a-cdae-4fe6-a130-60d6a24f4ab0', '120eaa0b-5856-4328-a178-c23f4be49c85', '9fb98854-1059-5f09-bfc9-105061f2ae1e', 'exact', 85.0, 85.0);
INSERT INTO public.expenses (id, context_type, group_id, description, amount, currency, category, expense_date, paid_by_user_id, created_by) VALUES ('f813216e-680d-4010-9c66-ead7cbaff95f', 'group', '887b4ace-3f5a-555b-b257-7b4990d525d3', 'Cơm trưa (Unnamed: 8_level_0)', 85.0, 'VND', 'Cơm trưa', '2025-01-01', '6858ec18-26f4-5391-8911-ba222d0963fb', '6858ec18-26f4-5391-8911-ba222d0963fb');
INSERT INTO public.expense_splits (id, expense_id, user_id, split_method, split_value, computed_amount) VALUES ('55ddbbe0-81a3-4fb1-b666-06c14da87e72', 'f813216e-680d-4010-9c66-ead7cbaff95f', 'ea515426-5b85-5aba-a7a0-ea47c72537a1', 'exact', 85.0, 85.0);
INSERT INTO public.expenses (id, context_type, group_id, description, amount, currency, category, expense_date, paid_by_user_id, created_by) VALUES ('376599dc-6411-47db-bec5-f8f3e4dd6544', 'group', '887b4ace-3f5a-555b-b257-7b4990d525d3', 'Cơm trưa (Unnamed: 8_level_0)', 86.0, 'VND', 'Cơm trưa', '2025-01-01', '6858ec18-26f4-5391-8911-ba222d0963fb', '6858ec18-26f4-5391-8911-ba222d0963fb');
INSERT INTO public.expense_splits (id, expense_id, user_id, split_method, split_value, computed_amount) VALUES ('3f6837bd-258c-4e56-bf2e-630d9b21ee89', '376599dc-6411-47db-bec5-f8f3e4dd6544', '6858ec18-26f4-5391-8911-ba222d0963fb', 'exact', 86.0, 86.0);
INSERT INTO public.expenses (id, context_type, group_id, description, amount, currency, category, expense_date, paid_by_user_id, created_by) VALUES ('fbe3596b-2a34-4e49-922a-ef4db3bc0552', 'group', '887b4ace-3f5a-555b-b257-7b4990d525d3', 'Cà phê (17/04)', 40.0, 'VND', 'Cà phê', '2025-04-17', '6858ec18-26f4-5391-8911-ba222d0963fb', '6858ec18-26f4-5391-8911-ba222d0963fb');
INSERT INTO public.expense_splits (id, expense_id, user_id, split_method, split_value, computed_amount) VALUES ('b57ab616-07fb-4510-bc17-5c02256aa50a', 'fbe3596b-2a34-4e49-922a-ef4db3bc0552', 'ea515426-5b85-5aba-a7a0-ea47c72537a1', 'exact', 40.0, 40.0);
INSERT INTO public.expenses (id, context_type, group_id, description, amount, currency, category, expense_date, paid_by_user_id, created_by) VALUES ('ce6ed654-0554-4969-a3b5-73367723c9b1', 'group', '887b4ace-3f5a-555b-b257-7b4990d525d3', 'Cà phê (17/04)', 79.0, 'VND', 'Cà phê', '2025-04-17', '6858ec18-26f4-5391-8911-ba222d0963fb', '6858ec18-26f4-5391-8911-ba222d0963fb');
INSERT INTO public.expense_splits (id, expense_id, user_id, split_method, split_value, computed_amount) VALUES ('ad3b6baa-61d9-4c19-9e6e-1ca77de26e1a', 'ce6ed654-0554-4969-a3b5-73367723c9b1', '6858ec18-26f4-5391-8911-ba222d0963fb', 'exact', 79.0, 79.0);
INSERT INTO public.expenses (id, context_type, group_id, description, amount, currency, category, expense_date, paid_by_user_id, created_by) VALUES ('946b6698-ad23-446e-a09f-1df5f92baf8c', 'group', '887b4ace-3f5a-555b-b257-7b4990d525d3', 'Cà phê (18/04)', 27.0, 'VND', 'Cà phê', '2025-04-18', '6858ec18-26f4-5391-8911-ba222d0963fb', '6858ec18-26f4-5391-8911-ba222d0963fb');
INSERT INTO public.expense_splits (id, expense_id, user_id, split_method, split_value, computed_amount) VALUES ('43703840-bc59-40bf-a101-5b98149eb8f5', '946b6698-ad23-446e-a09f-1df5f92baf8c', '166614ae-eede-5b6a-ae13-bdb4b2601639', 'exact', 27.0, 27.0);
INSERT INTO public.expenses (id, context_type, group_id, description, amount, currency, category, expense_date, paid_by_user_id, created_by) VALUES ('3fc31a03-20c6-4be1-9119-f3962db7f7b8', 'group', '887b4ace-3f5a-555b-b257-7b4990d525d3', 'Cà phê (18/04)', 32.0, 'VND', 'Cà phê', '2025-04-18', '6858ec18-26f4-5391-8911-ba222d0963fb', '6858ec18-26f4-5391-8911-ba222d0963fb');
INSERT INTO public.expense_splits (id, expense_id, user_id, split_method, split_value, computed_amount) VALUES ('4e51a87e-47dc-432d-a84c-3535dc6e919f', '3fc31a03-20c6-4be1-9119-f3962db7f7b8', 'ea515426-5b85-5aba-a7a0-ea47c72537a1', 'exact', 32.0, 32.0);
INSERT INTO public.expenses (id, context_type, group_id, description, amount, currency, category, expense_date, paid_by_user_id, created_by) VALUES ('9953ef70-8315-46d9-b45d-b92c57ef0b7b', 'group', '887b4ace-3f5a-555b-b257-7b4990d525d3', 'Cà phê (18/04)', 32.0, 'VND', 'Cà phê', '2025-04-18', '6858ec18-26f4-5391-8911-ba222d0963fb', '6858ec18-26f4-5391-8911-ba222d0963fb');
INSERT INTO public.expense_splits (id, expense_id, user_id, split_method, split_value, computed_amount) VALUES ('e3c5e426-4e64-44be-92f6-e3ce56b25c57', '9953ef70-8315-46d9-b45d-b92c57ef0b7b', '6858ec18-26f4-5391-8911-ba222d0963fb', 'exact', 32.0, 32.0);
INSERT INTO public.expenses (id, context_type, group_id, description, amount, currency, category, expense_date, paid_by_user_id, created_by) VALUES ('31d1650d-2ca8-49e3-825a-b1f4a29c0610', 'group', '887b4ace-3f5a-555b-b257-7b4990d525d3', 'Cà phê (23/04)', 39.0, 'VND', 'Cà phê', '2025-04-23', '6858ec18-26f4-5391-8911-ba222d0963fb', '6858ec18-26f4-5391-8911-ba222d0963fb');
INSERT INTO public.expense_splits (id, expense_id, user_id, split_method, split_value, computed_amount) VALUES ('9a7f9857-5df8-4c6b-ba65-af6fabbaf440', '31d1650d-2ca8-49e3-825a-b1f4a29c0610', '166614ae-eede-5b6a-ae13-bdb4b2601639', 'exact', 39.0, 39.0);
INSERT INTO public.expenses (id, context_type, group_id, description, amount, currency, category, expense_date, paid_by_user_id, created_by) VALUES ('e52753d6-eb08-409d-b064-f366dc012ccb', 'group', '887b4ace-3f5a-555b-b257-7b4990d525d3', 'Cà phê (23/04)', 55.0, 'VND', 'Cà phê', '2025-04-23', '6858ec18-26f4-5391-8911-ba222d0963fb', '6858ec18-26f4-5391-8911-ba222d0963fb');
INSERT INTO public.expense_splits (id, expense_id, user_id, split_method, split_value, computed_amount) VALUES ('d5bf34e4-91b2-4dd7-94ca-d4b80d982d21', 'e52753d6-eb08-409d-b064-f366dc012ccb', 'ea515426-5b85-5aba-a7a0-ea47c72537a1', 'exact', 55.0, 55.0);
INSERT INTO public.expenses (id, context_type, group_id, description, amount, currency, category, expense_date, paid_by_user_id, created_by) VALUES ('ab24362d-b13c-49b3-80d3-0b802c2a3cf1', 'group', '887b4ace-3f5a-555b-b257-7b4990d525d3', 'Cà phê (23/04)', 55.0, 'VND', 'Cà phê', '2025-04-23', '6858ec18-26f4-5391-8911-ba222d0963fb', '6858ec18-26f4-5391-8911-ba222d0963fb');
INSERT INTO public.expense_splits (id, expense_id, user_id, split_method, split_value, computed_amount) VALUES ('9571dbea-5cf9-41e9-81c3-29f3e2102d31', 'ab24362d-b13c-49b3-80d3-0b802c2a3cf1', '6858ec18-26f4-5391-8911-ba222d0963fb', 'exact', 55.0, 55.0);
INSERT INTO public.expenses (id, context_type, group_id, description, amount, currency, category, expense_date, paid_by_user_id, created_by) VALUES ('79c455c8-261d-4e6d-86c7-f3e1c7379769', 'group', '887b4ace-3f5a-555b-b257-7b4990d525d3', 'Cà phê (24/04)', 30.0, 'VND', 'Cà phê', '2025-04-24', '6858ec18-26f4-5391-8911-ba222d0963fb', '6858ec18-26f4-5391-8911-ba222d0963fb');
INSERT INTO public.expense_splits (id, expense_id, user_id, split_method, split_value, computed_amount) VALUES ('885a8bb3-94ca-4381-9108-3547f4024d7f', '79c455c8-261d-4e6d-86c7-f3e1c7379769', '166614ae-eede-5b6a-ae13-bdb4b2601639', 'exact', 30.0, 30.0);
INSERT INTO public.expenses (id, context_type, group_id, description, amount, currency, category, expense_date, paid_by_user_id, created_by) VALUES ('78618e69-8ba5-4d36-94e0-0fcc0fe6bcc0', 'group', '887b4ace-3f5a-555b-b257-7b4990d525d3', 'Cơm trưa (Unnamed: 14_level_0)', 25.0, 'VND', 'Cơm trưa', '2025-01-01', '6858ec18-26f4-5391-8911-ba222d0963fb', '6858ec18-26f4-5391-8911-ba222d0963fb');
INSERT INTO public.expense_splits (id, expense_id, user_id, split_method, split_value, computed_amount) VALUES ('8d702459-7828-4bca-acb0-67563ee28b3f', '78618e69-8ba5-4d36-94e0-0fcc0fe6bcc0', '166614ae-eede-5b6a-ae13-bdb4b2601639', 'exact', 25.0, 25.0);
INSERT INTO public.expenses (id, context_type, group_id, description, amount, currency, category, expense_date, paid_by_user_id, created_by) VALUES ('c2a6e50c-5cf6-4072-abb0-cae9fc903bc6', 'group', '887b4ace-3f5a-555b-b257-7b4990d525d3', 'Cà phê (04/11)', 35.0, 'VND', 'Cà phê', '2025-11-04', '6858ec18-26f4-5391-8911-ba222d0963fb', '6858ec18-26f4-5391-8911-ba222d0963fb');
INSERT INTO public.expense_splits (id, expense_id, user_id, split_method, split_value, computed_amount) VALUES ('f1b5cdc3-a6c0-46fd-b064-d2cac8833aaf', 'c2a6e50c-5cf6-4072-abb0-cae9fc903bc6', '6f6fcf5b-d63a-5982-a325-d518ca136c51', 'exact', 35.0, 35.0);
INSERT INTO public.expenses (id, context_type, group_id, description, amount, currency, category, expense_date, paid_by_user_id, created_by) VALUES ('c0c9c1e8-4146-4728-ac0f-8f752f7ebd4b', 'group', '887b4ace-3f5a-555b-b257-7b4990d525d3', 'Cà phê (04/11)', 37.0, 'VND', 'Cà phê', '2025-11-04', '6858ec18-26f4-5391-8911-ba222d0963fb', '6858ec18-26f4-5391-8911-ba222d0963fb');
INSERT INTO public.expense_splits (id, expense_id, user_id, split_method, split_value, computed_amount) VALUES ('1fbd28e2-fb25-4363-9e7a-23c2fb217610', 'c0c9c1e8-4146-4728-ac0f-8f752f7ebd4b', 'f23d423d-2af6-5bad-aed7-1cbe6f0c9221', 'exact', 37.0, 37.0);
INSERT INTO public.expenses (id, context_type, group_id, description, amount, currency, category, expense_date, paid_by_user_id, created_by) VALUES ('472995c3-bde3-466d-9bda-2900ec84cc75', 'group', '887b4ace-3f5a-555b-b257-7b4990d525d3', 'Cà phê (04/11)', 7.0, 'VND', 'Cà phê', '2025-11-04', '6858ec18-26f4-5391-8911-ba222d0963fb', '6858ec18-26f4-5391-8911-ba222d0963fb');
INSERT INTO public.expense_splits (id, expense_id, user_id, split_method, split_value, computed_amount) VALUES ('3f8f6abf-eba0-4d49-be64-77bfbf9481a6', '472995c3-bde3-466d-9bda-2900ec84cc75', '9fb98854-1059-5f09-bfc9-105061f2ae1e', 'exact', 7.0, 7.0);
INSERT INTO public.expenses (id, context_type, group_id, description, amount, currency, category, expense_date, paid_by_user_id, created_by) VALUES ('b1199c06-643a-446c-be57-6d299ec5f66e', 'group', '887b4ace-3f5a-555b-b257-7b4990d525d3', 'Cà phê (04/11)', 35.0, 'VND', 'Cà phê', '2025-11-04', '6858ec18-26f4-5391-8911-ba222d0963fb', '6858ec18-26f4-5391-8911-ba222d0963fb');
INSERT INTO public.expense_splits (id, expense_id, user_id, split_method, split_value, computed_amount) VALUES ('d810a8db-08f5-47ab-ac51-c6f063fb80b0', 'b1199c06-643a-446c-be57-6d299ec5f66e', '6858ec18-26f4-5391-8911-ba222d0963fb', 'exact', 35.0, 35.0);
INSERT INTO public.expenses (id, context_type, group_id, description, amount, currency, category, expense_date, paid_by_user_id, created_by) VALUES ('6db59958-5059-47c6-b08e-d770eb28a50a', 'group', '887b4ace-3f5a-555b-b257-7b4990d525d3', 'Ăn Chiều (Unnamed: 5_level_0)', 24.0, 'VND', 'Ăn Chiều', '2025-01-01', '6858ec18-26f4-5391-8911-ba222d0963fb', '6858ec18-26f4-5391-8911-ba222d0963fb');
INSERT INTO public.expense_splits (id, expense_id, user_id, split_method, split_value, computed_amount) VALUES ('33c380a1-49c2-4e77-acab-a7caa8a9727f', '6db59958-5059-47c6-b08e-d770eb28a50a', '54aa4cd7-656b-5705-819d-eec91c7c356c', 'exact', 24.0, 24.0);
INSERT INTO public.expenses (id, context_type, group_id, description, amount, currency, category, expense_date, paid_by_user_id, created_by) VALUES ('e652d0cb-6ab1-48da-a9e3-60e9dc5eeaf1', 'group', '887b4ace-3f5a-555b-b257-7b4990d525d3', 'Ăn Chiều (Unnamed: 5_level_0)', 16.0, 'VND', 'Ăn Chiều', '2025-01-01', '6858ec18-26f4-5391-8911-ba222d0963fb', '6858ec18-26f4-5391-8911-ba222d0963fb');
INSERT INTO public.expense_splits (id, expense_id, user_id, split_method, split_value, computed_amount) VALUES ('f7d5c47d-409f-453b-8d30-a4a1d10d2bdb', 'e652d0cb-6ab1-48da-a9e3-60e9dc5eeaf1', '9fb98854-1059-5f09-bfc9-105061f2ae1e', 'exact', 16.0, 16.0);
INSERT INTO public.expenses (id, context_type, group_id, description, amount, currency, category, expense_date, paid_by_user_id, created_by) VALUES ('0060ae0c-0a30-4ee0-9e55-9b2793d79a09', 'group', '887b4ace-3f5a-555b-b257-7b4990d525d3', 'Ăn Chiều (Unnamed: 5_level_0)', 24.0, 'VND', 'Ăn Chiều', '2025-01-01', '6858ec18-26f4-5391-8911-ba222d0963fb', '6858ec18-26f4-5391-8911-ba222d0963fb');
INSERT INTO public.expense_splits (id, expense_id, user_id, split_method, split_value, computed_amount) VALUES ('81f62f18-ff54-4cea-841d-eb784abf235f', '0060ae0c-0a30-4ee0-9e55-9b2793d79a09', '6858ec18-26f4-5391-8911-ba222d0963fb', 'exact', 24.0, 24.0);
INSERT INTO public.expenses (id, context_type, group_id, description, amount, currency, category, expense_date, paid_by_user_id, created_by) VALUES ('11439ab2-8d28-44e0-ae6d-3d9bac598a33', 'group', '887b4ace-3f5a-555b-b257-7b4990d525d3', 'Cà phê (05/11)', 30.0, 'VND', 'Cà phê', '2025-11-05', '6858ec18-26f4-5391-8911-ba222d0963fb', '6858ec18-26f4-5391-8911-ba222d0963fb');
INSERT INTO public.expense_splits (id, expense_id, user_id, split_method, split_value, computed_amount) VALUES ('7c5e9688-ffd1-45b3-b172-34a929078593', '11439ab2-8d28-44e0-ae6d-3d9bac598a33', '166614ae-eede-5b6a-ae13-bdb4b2601639', 'exact', 30.0, 30.0);
INSERT INTO public.expenses (id, context_type, group_id, description, amount, currency, category, expense_date, paid_by_user_id, created_by) VALUES ('8a07f0b5-3863-412b-aca3-3213d8768096', 'group', '887b4ace-3f5a-555b-b257-7b4990d525d3', 'Cà phê (07/11)', 68.0, 'VND', 'Cà phê', '2025-11-07', '6858ec18-26f4-5391-8911-ba222d0963fb', '6858ec18-26f4-5391-8911-ba222d0963fb');
INSERT INTO public.expense_splits (id, expense_id, user_id, split_method, split_value, computed_amount) VALUES ('2c688ae8-55ab-4086-b4fd-bd0cdf354230', '8a07f0b5-3863-412b-aca3-3213d8768096', 'f23d423d-2af6-5bad-aed7-1cbe6f0c9221', 'exact', 68.0, 68.0);
INSERT INTO public.expenses (id, context_type, group_id, description, amount, currency, category, expense_date, paid_by_user_id, created_by) VALUES ('56e0e5a7-d3bc-4977-996a-b6f44589bea4', 'group', '887b4ace-3f5a-555b-b257-7b4990d525d3', 'Cà phê (07/11)', 58.0, 'VND', 'Cà phê', '2025-11-07', '6858ec18-26f4-5391-8911-ba222d0963fb', '6858ec18-26f4-5391-8911-ba222d0963fb');
INSERT INTO public.expense_splits (id, expense_id, user_id, split_method, split_value, computed_amount) VALUES ('ae255bf1-240d-4e20-9776-46dd857e8e37', '56e0e5a7-d3bc-4977-996a-b6f44589bea4', '5285e675-b5a8-5b1c-b1d4-e69d3182f337', 'exact', 58.0, 58.0);
INSERT INTO public.expenses (id, context_type, group_id, description, amount, currency, category, expense_date, paid_by_user_id, created_by) VALUES ('9db61500-0ff6-4b46-8e2b-c3bfa5746101', 'group', '887b4ace-3f5a-555b-b257-7b4990d525d3', 'Cà phê (07/11)', 106.0, 'VND', 'Cà phê', '2025-11-07', '6858ec18-26f4-5391-8911-ba222d0963fb', '6858ec18-26f4-5391-8911-ba222d0963fb');
INSERT INTO public.expense_splits (id, expense_id, user_id, split_method, split_value, computed_amount) VALUES ('2bf1cd1e-6f25-4787-8553-57bca36b7675', '9db61500-0ff6-4b46-8e2b-c3bfa5746101', '6858ec18-26f4-5391-8911-ba222d0963fb', 'exact', 106.0, 106.0);
INSERT INTO public.expenses (id, context_type, group_id, description, amount, currency, category, expense_date, paid_by_user_id, created_by) VALUES ('b359a52a-15e6-4f54-8913-ef75a550c99b', 'group', '887b4ace-3f5a-555b-b257-7b4990d525d3', 'Cơm trưa (Unnamed: 14_level_0)', 45.0, 'VND', 'Cơm trưa', '2025-01-01', '6858ec18-26f4-5391-8911-ba222d0963fb', '6858ec18-26f4-5391-8911-ba222d0963fb');
INSERT INTO public.expense_splits (id, expense_id, user_id, split_method, split_value, computed_amount) VALUES ('166c3178-958f-48a2-9e47-2d7193c8dd4b', 'b359a52a-15e6-4f54-8913-ef75a550c99b', '0f0d0761-b17e-5fdc-b878-7606d2eef7cb', 'exact', 45.0, 45.0);
INSERT INTO public.expenses (id, context_type, group_id, description, amount, currency, category, expense_date, paid_by_user_id, created_by) VALUES ('7f33cc5c-16c6-46af-bbfa-accf81f36551', 'group', '887b4ace-3f5a-555b-b257-7b4990d525d3', 'Cơm trưa (Unnamed: 14_level_0)', 45.0, 'VND', 'Cơm trưa', '2025-01-01', '6858ec18-26f4-5391-8911-ba222d0963fb', '6858ec18-26f4-5391-8911-ba222d0963fb');
INSERT INTO public.expense_splits (id, expense_id, user_id, split_method, split_value, computed_amount) VALUES ('db64a8df-15e6-4836-aee1-20f15cb54e6b', '7f33cc5c-16c6-46af-bbfa-accf81f36551', '6f6fcf5b-d63a-5982-a325-d518ca136c51', 'exact', 45.0, 45.0);
INSERT INTO public.expenses (id, context_type, group_id, description, amount, currency, category, expense_date, paid_by_user_id, created_by) VALUES ('bda8fd30-09ba-4554-88cf-3ca7cc3e6f9c', 'group', '887b4ace-3f5a-555b-b257-7b4990d525d3', 'Cơm trưa (Unnamed: 14_level_0)', 45.0, 'VND', 'Cơm trưa', '2025-01-01', '6858ec18-26f4-5391-8911-ba222d0963fb', '6858ec18-26f4-5391-8911-ba222d0963fb');
INSERT INTO public.expense_splits (id, expense_id, user_id, split_method, split_value, computed_amount) VALUES ('d4df6a86-7a19-482b-a725-ea33fda4e3ef', 'bda8fd30-09ba-4554-88cf-3ca7cc3e6f9c', '17360c26-b252-55ba-aa56-fa0ccda470cc', 'exact', 45.0, 45.0);
INSERT INTO public.expenses (id, context_type, group_id, description, amount, currency, category, expense_date, paid_by_user_id, created_by) VALUES ('a268533f-41fe-4778-a3bf-2396fabc7573', 'group', '887b4ace-3f5a-555b-b257-7b4990d525d3', 'Cơm trưa (Unnamed: 14_level_0)', 45.0, 'VND', 'Cơm trưa', '2025-01-01', '6858ec18-26f4-5391-8911-ba222d0963fb', '6858ec18-26f4-5391-8911-ba222d0963fb');
INSERT INTO public.expense_splits (id, expense_id, user_id, split_method, split_value, computed_amount) VALUES ('c3ebf273-5d2d-48a5-b257-4d19e6bff67c', 'a268533f-41fe-4778-a3bf-2396fabc7573', 'ea515426-5b85-5aba-a7a0-ea47c72537a1', 'exact', 45.0, 45.0);
INSERT INTO public.expenses (id, context_type, group_id, description, amount, currency, category, expense_date, paid_by_user_id, created_by) VALUES ('73b62d03-0574-4b24-bf49-a878481361b8', 'group', '887b4ace-3f5a-555b-b257-7b4990d525d3', 'Kara (18/06)', 62.0, 'VND', 'Kara', '2025-06-18', '6858ec18-26f4-5391-8911-ba222d0963fb', '6858ec18-26f4-5391-8911-ba222d0963fb');
INSERT INTO public.expense_splits (id, expense_id, user_id, split_method, split_value, computed_amount) VALUES ('813c66fd-e7d3-4ec7-b2c3-1024b21ca624', '73b62d03-0574-4b24-bf49-a878481361b8', '6c5a61c6-7891-50a2-a37b-78ae38c39c02', 'exact', 62.0, 62.0);
INSERT INTO public.expenses (id, context_type, group_id, description, amount, currency, category, expense_date, paid_by_user_id, created_by) VALUES ('7abe871d-caf5-4aff-8ae7-a7410f6b7af5', 'group', '887b4ace-3f5a-555b-b257-7b4990d525d3', 'Kara (18/06)', 62.0, 'VND', 'Kara', '2025-06-18', '6858ec18-26f4-5391-8911-ba222d0963fb', '6858ec18-26f4-5391-8911-ba222d0963fb');
INSERT INTO public.expense_splits (id, expense_id, user_id, split_method, split_value, computed_amount) VALUES ('3e9c1959-0c35-4c2b-bf82-14930ba76f70', '7abe871d-caf5-4aff-8ae7-a7410f6b7af5', '166614ae-eede-5b6a-ae13-bdb4b2601639', 'exact', 62.0, 62.0);
INSERT INTO public.expenses (id, context_type, group_id, description, amount, currency, category, expense_date, paid_by_user_id, created_by) VALUES ('e4e4ccc2-8775-49af-9787-d77e8670bf26', 'group', '887b4ace-3f5a-555b-b257-7b4990d525d3', 'Kara (18/06)', 62.0, 'VND', 'Kara', '2025-06-18', '6858ec18-26f4-5391-8911-ba222d0963fb', '6858ec18-26f4-5391-8911-ba222d0963fb');
INSERT INTO public.expense_splits (id, expense_id, user_id, split_method, split_value, computed_amount) VALUES ('bb2ba3f1-5456-47ac-ac5c-535a2c69b211', 'e4e4ccc2-8775-49af-9787-d77e8670bf26', '17360c26-b252-55ba-aa56-fa0ccda470cc', 'exact', 62.0, 62.0);
INSERT INTO public.expenses (id, context_type, group_id, description, amount, currency, category, expense_date, paid_by_user_id, created_by) VALUES ('365738c4-fdb3-4b26-9ad2-a1455a832f6b', 'group', '887b4ace-3f5a-555b-b257-7b4990d525d3', 'Kara (18/06)', 62.0, 'VND', 'Kara', '2025-06-18', '6858ec18-26f4-5391-8911-ba222d0963fb', '6858ec18-26f4-5391-8911-ba222d0963fb');
INSERT INTO public.expense_splits (id, expense_id, user_id, split_method, split_value, computed_amount) VALUES ('a9e1b089-8336-4c2a-aeef-9946cd1e65e1', '365738c4-fdb3-4b26-9ad2-a1455a832f6b', '9fb98854-1059-5f09-bfc9-105061f2ae1e', 'exact', 62.0, 62.0);
INSERT INTO public.expenses (id, context_type, group_id, description, amount, currency, category, expense_date, paid_by_user_id, created_by) VALUES ('496b80a7-71cf-4bdc-9c66-db6405082a26', 'group', '887b4ace-3f5a-555b-b257-7b4990d525d3', 'Kara (18/06)', 62.0, 'VND', 'Kara', '2025-06-18', '6858ec18-26f4-5391-8911-ba222d0963fb', '6858ec18-26f4-5391-8911-ba222d0963fb');
INSERT INTO public.expense_splits (id, expense_id, user_id, split_method, split_value, computed_amount) VALUES ('f8f4d016-a353-4082-95a0-0cf89a74b1b2', '496b80a7-71cf-4bdc-9c66-db6405082a26', 'f23d423d-2af6-5bad-aed7-1cbe6f0c9221', 'exact', 62.0, 62.0);
INSERT INTO public.expenses (id, context_type, group_id, description, amount, currency, category, expense_date, paid_by_user_id, created_by) VALUES ('00eb22bd-0524-497a-b137-58f1143a1dd7', 'group', '887b4ace-3f5a-555b-b257-7b4990d525d3', 'Kara (18/06)', 62.0, 'VND', 'Kara', '2025-06-18', '6858ec18-26f4-5391-8911-ba222d0963fb', '6858ec18-26f4-5391-8911-ba222d0963fb');
INSERT INTO public.expense_splits (id, expense_id, user_id, split_method, split_value, computed_amount) VALUES ('9fce3278-32cd-4506-a4bd-39e6c0af4416', '00eb22bd-0524-497a-b137-58f1143a1dd7', 'cdb403b7-6116-5055-9b54-eb2a2dcada12', 'exact', 62.0, 62.0);
INSERT INTO public.expenses (id, context_type, group_id, description, amount, currency, category, expense_date, paid_by_user_id, created_by) VALUES ('f8436a0c-4868-49de-8a46-82c35cc2451d', 'group', '887b4ace-3f5a-555b-b257-7b4990d525d3', 'Kara (18/06)', 62.0, 'VND', 'Kara', '2025-06-18', '6858ec18-26f4-5391-8911-ba222d0963fb', '6858ec18-26f4-5391-8911-ba222d0963fb');
INSERT INTO public.expense_splits (id, expense_id, user_id, split_method, split_value, computed_amount) VALUES ('c6374cad-2c75-4db5-ac65-a7c22b66f755', 'f8436a0c-4868-49de-8a46-82c35cc2451d', '6858ec18-26f4-5391-8911-ba222d0963fb', 'exact', 62.0, 62.0);
INSERT INTO public.expenses (id, context_type, group_id, description, amount, currency, category, expense_date, paid_by_user_id, created_by) VALUES ('a3318561-b4d0-4113-af05-640d203b797e', 'group', '887b4ace-3f5a-555b-b257-7b4990d525d3', 'Ăn tối (Unnamed: 9_level_0)', 100.0, 'VND', 'Ăn tối', '2025-01-01', '6858ec18-26f4-5391-8911-ba222d0963fb', '6858ec18-26f4-5391-8911-ba222d0963fb');
INSERT INTO public.expense_splits (id, expense_id, user_id, split_method, split_value, computed_amount) VALUES ('14a5f282-76ca-43bc-8b22-a14c201cfcae', 'a3318561-b4d0-4113-af05-640d203b797e', '6c5a61c6-7891-50a2-a37b-78ae38c39c02', 'exact', 100.0, 100.0);
INSERT INTO public.expenses (id, context_type, group_id, description, amount, currency, category, expense_date, paid_by_user_id, created_by) VALUES ('5a4292de-70ef-496f-8170-808ab4ba1b84', 'group', '887b4ace-3f5a-555b-b257-7b4990d525d3', 'Ăn tối (Unnamed: 9_level_0)', 100.0, 'VND', 'Ăn tối', '2025-01-01', '6858ec18-26f4-5391-8911-ba222d0963fb', '6858ec18-26f4-5391-8911-ba222d0963fb');
INSERT INTO public.expense_splits (id, expense_id, user_id, split_method, split_value, computed_amount) VALUES ('701180b0-8576-4c04-bdb6-73fd47b21335', '5a4292de-70ef-496f-8170-808ab4ba1b84', '166614ae-eede-5b6a-ae13-bdb4b2601639', 'exact', 100.0, 100.0);
INSERT INTO public.expenses (id, context_type, group_id, description, amount, currency, category, expense_date, paid_by_user_id, created_by) VALUES ('58f0639e-2a9e-425a-a9df-68c77331f023', 'group', '887b4ace-3f5a-555b-b257-7b4990d525d3', 'Ăn tối (Unnamed: 9_level_0)', 100.0, 'VND', 'Ăn tối', '2025-01-01', '6858ec18-26f4-5391-8911-ba222d0963fb', '6858ec18-26f4-5391-8911-ba222d0963fb');
INSERT INTO public.expense_splits (id, expense_id, user_id, split_method, split_value, computed_amount) VALUES ('2fca2d98-8513-445b-a9bb-7b15340649ac', '58f0639e-2a9e-425a-a9df-68c77331f023', '17360c26-b252-55ba-aa56-fa0ccda470cc', 'exact', 100.0, 100.0);
INSERT INTO public.expenses (id, context_type, group_id, description, amount, currency, category, expense_date, paid_by_user_id, created_by) VALUES ('a5f1d363-340f-431f-8c79-b694f79a3e04', 'group', '887b4ace-3f5a-555b-b257-7b4990d525d3', 'Ăn tối (Unnamed: 9_level_0)', 100.0, 'VND', 'Ăn tối', '2025-01-01', '6858ec18-26f4-5391-8911-ba222d0963fb', '6858ec18-26f4-5391-8911-ba222d0963fb');
INSERT INTO public.expense_splits (id, expense_id, user_id, split_method, split_value, computed_amount) VALUES ('f824b8c3-ebd4-4edc-aa57-86c9bf20ad67', 'a5f1d363-340f-431f-8c79-b694f79a3e04', '9fb98854-1059-5f09-bfc9-105061f2ae1e', 'exact', 100.0, 100.0);
INSERT INTO public.expenses (id, context_type, group_id, description, amount, currency, category, expense_date, paid_by_user_id, created_by) VALUES ('474f155f-9f90-4f89-ac5b-07ff3cd315c1', 'group', '887b4ace-3f5a-555b-b257-7b4990d525d3', 'Ăn tối (Unnamed: 9_level_0)', 100.0, 'VND', 'Ăn tối', '2025-01-01', '6858ec18-26f4-5391-8911-ba222d0963fb', '6858ec18-26f4-5391-8911-ba222d0963fb');
INSERT INTO public.expense_splits (id, expense_id, user_id, split_method, split_value, computed_amount) VALUES ('b2e43d2f-c7af-4abb-9817-c3a69c1bc6e0', '474f155f-9f90-4f89-ac5b-07ff3cd315c1', 'f23d423d-2af6-5bad-aed7-1cbe6f0c9221', 'exact', 100.0, 100.0);
INSERT INTO public.expenses (id, context_type, group_id, description, amount, currency, category, expense_date, paid_by_user_id, created_by) VALUES ('f01b5b57-66d6-46ba-88f6-a479ba460db2', 'group', '887b4ace-3f5a-555b-b257-7b4990d525d3', 'Ăn tối (Unnamed: 9_level_0)', 100.0, 'VND', 'Ăn tối', '2025-01-01', '6858ec18-26f4-5391-8911-ba222d0963fb', '6858ec18-26f4-5391-8911-ba222d0963fb');
INSERT INTO public.expense_splits (id, expense_id, user_id, split_method, split_value, computed_amount) VALUES ('388690ef-2be5-4b08-a5e1-87123005748c', 'f01b5b57-66d6-46ba-88f6-a479ba460db2', '82c3f1f5-5bb5-57b1-8e8b-6dbc5ab50ab9', 'exact', 100.0, 100.0);
INSERT INTO public.expenses (id, context_type, group_id, description, amount, currency, category, expense_date, paid_by_user_id, created_by) VALUES ('32cb820a-334c-4c57-9c61-1a59aac0ba6f', 'group', '887b4ace-3f5a-555b-b257-7b4990d525d3', 'Ăn tối (Unnamed: 9_level_0)', 100.0, 'VND', 'Ăn tối', '2025-01-01', '6858ec18-26f4-5391-8911-ba222d0963fb', '6858ec18-26f4-5391-8911-ba222d0963fb');
INSERT INTO public.expense_splits (id, expense_id, user_id, split_method, split_value, computed_amount) VALUES ('704c8f35-1edf-48cb-8b9f-5259215c7fb1', '32cb820a-334c-4c57-9c61-1a59aac0ba6f', 'cdb403b7-6116-5055-9b54-eb2a2dcada12', 'exact', 100.0, 100.0);
INSERT INTO public.expenses (id, context_type, group_id, description, amount, currency, category, expense_date, paid_by_user_id, created_by) VALUES ('a7f22f94-6505-428c-b309-1b9d48ec8f84', 'group', '887b4ace-3f5a-555b-b257-7b4990d525d3', 'Ăn tối (Unnamed: 9_level_0)', 100.0, 'VND', 'Ăn tối', '2025-01-01', '6858ec18-26f4-5391-8911-ba222d0963fb', '6858ec18-26f4-5391-8911-ba222d0963fb');
INSERT INTO public.expense_splits (id, expense_id, user_id, split_method, split_value, computed_amount) VALUES ('00689310-1243-4664-bdd0-664a7c94e94e', 'a7f22f94-6505-428c-b309-1b9d48ec8f84', '6858ec18-26f4-5391-8911-ba222d0963fb', 'exact', 100.0, 100.0);
INSERT INTO public.expenses (id, context_type, group_id, description, amount, currency, category, expense_date, paid_by_user_id, created_by) VALUES ('a62fca7d-27e4-4c87-b33f-79cd06545822', 'group', '887b4ace-3f5a-555b-b257-7b4990d525d3', 'Cà phê (28/07)', 39.0, 'VND', 'Cà phê', '2025-07-28', '6858ec18-26f4-5391-8911-ba222d0963fb', '6858ec18-26f4-5391-8911-ba222d0963fb');
INSERT INTO public.expense_splits (id, expense_id, user_id, split_method, split_value, computed_amount) VALUES ('7d79a87b-0993-4497-9285-5bc2816738a8', 'a62fca7d-27e4-4c87-b33f-79cd06545822', '166614ae-eede-5b6a-ae13-bdb4b2601639', 'exact', 39.0, 39.0);
INSERT INTO public.expenses (id, context_type, group_id, description, amount, currency, category, expense_date, paid_by_user_id, created_by) VALUES ('c5e1f099-56c1-4f9a-b6d3-1060b5131fa9', 'group', '887b4ace-3f5a-555b-b257-7b4990d525d3', 'Cà phê (28/07)', 55.0, 'VND', 'Cà phê', '2025-07-28', '6858ec18-26f4-5391-8911-ba222d0963fb', '6858ec18-26f4-5391-8911-ba222d0963fb');
INSERT INTO public.expense_splits (id, expense_id, user_id, split_method, split_value, computed_amount) VALUES ('d0d94412-dbe4-4100-93a0-9e9a60a752bd', 'c5e1f099-56c1-4f9a-b6d3-1060b5131fa9', 'ea515426-5b85-5aba-a7a0-ea47c72537a1', 'exact', 55.0, 55.0);
INSERT INTO public.expenses (id, context_type, group_id, description, amount, currency, category, expense_date, paid_by_user_id, created_by) VALUES ('ac104c63-e210-4b10-a46a-cb25a9477223', 'group', '887b4ace-3f5a-555b-b257-7b4990d525d3', 'Cà phê (28/07)', 55.0, 'VND', 'Cà phê', '2025-07-28', '6858ec18-26f4-5391-8911-ba222d0963fb', '6858ec18-26f4-5391-8911-ba222d0963fb');
INSERT INTO public.expense_splits (id, expense_id, user_id, split_method, split_value, computed_amount) VALUES ('36de2d99-339d-4e97-8399-c8d110ec1f04', 'ac104c63-e210-4b10-a46a-cb25a9477223', '6858ec18-26f4-5391-8911-ba222d0963fb', 'exact', 55.0, 55.0);
INSERT INTO public.expenses (id, context_type, group_id, description, amount, currency, category, expense_date, paid_by_user_id, created_by) VALUES ('84cf5f06-a6ef-406f-8872-753fb8578746', 'group', '887b4ace-3f5a-555b-b257-7b4990d525d3', 'Cơm trưa (Unnamed: 5_level_0)', 49.0, 'VND', 'Cơm trưa', '2025-01-01', '6858ec18-26f4-5391-8911-ba222d0963fb', '6858ec18-26f4-5391-8911-ba222d0963fb');
INSERT INTO public.expense_splits (id, expense_id, user_id, split_method, split_value, computed_amount) VALUES ('390b6b37-280f-4b01-a065-63724a9481ad', '84cf5f06-a6ef-406f-8872-753fb8578746', '166614ae-eede-5b6a-ae13-bdb4b2601639', 'exact', 49.0, 49.0);
INSERT INTO public.expenses (id, context_type, group_id, description, amount, currency, category, expense_date, paid_by_user_id, created_by) VALUES ('36368c61-7b77-463d-831e-b94c8efe30ea', 'group', '887b4ace-3f5a-555b-b257-7b4990d525d3', 'Cơm trưa (Unnamed: 5_level_0)', 49.0, 'VND', 'Cơm trưa', '2025-01-01', '6858ec18-26f4-5391-8911-ba222d0963fb', '6858ec18-26f4-5391-8911-ba222d0963fb');
INSERT INTO public.expense_splits (id, expense_id, user_id, split_method, split_value, computed_amount) VALUES ('a27d8b2c-92e8-4c5c-8eb5-cdc8349c1f08', '36368c61-7b77-463d-831e-b94c8efe30ea', '9fb98854-1059-5f09-bfc9-105061f2ae1e', 'exact', 49.0, 49.0);
INSERT INTO public.expenses (id, context_type, group_id, description, amount, currency, category, expense_date, paid_by_user_id, created_by) VALUES ('00449f2c-8e43-446e-8d3b-3de3d9a457ff', 'group', '887b4ace-3f5a-555b-b257-7b4990d525d3', 'Cơm trưa (Unnamed: 5_level_0)', 69.0, 'VND', 'Cơm trưa', '2025-01-01', '6858ec18-26f4-5391-8911-ba222d0963fb', '6858ec18-26f4-5391-8911-ba222d0963fb');
INSERT INTO public.expense_splits (id, expense_id, user_id, split_method, split_value, computed_amount) VALUES ('5b1105d5-cde7-41ba-9ee0-9c17ed81c1c3', '00449f2c-8e43-446e-8d3b-3de3d9a457ff', 'ea515426-5b85-5aba-a7a0-ea47c72537a1', 'exact', 69.0, 69.0);
INSERT INTO public.expenses (id, context_type, group_id, description, amount, currency, category, expense_date, paid_by_user_id, created_by) VALUES ('b5ac0a82-ae5d-4ba2-a92d-2d70fec3a2b0', 'group', '887b4ace-3f5a-555b-b257-7b4990d525d3', 'Cơm trưa (Unnamed: 5_level_0)', 69.0, 'VND', 'Cơm trưa', '2025-01-01', '6858ec18-26f4-5391-8911-ba222d0963fb', '6858ec18-26f4-5391-8911-ba222d0963fb');
INSERT INTO public.expense_splits (id, expense_id, user_id, split_method, split_value, computed_amount) VALUES ('135ae47c-d984-4e15-b305-7f4f676b6712', 'b5ac0a82-ae5d-4ba2-a92d-2d70fec3a2b0', 'f23d423d-2af6-5bad-aed7-1cbe6f0c9221', 'exact', 69.0, 69.0);
INSERT INTO public.expenses (id, context_type, group_id, description, amount, currency, category, expense_date, paid_by_user_id, created_by) VALUES ('1c14d39a-4209-4ddc-80d4-65affa66119b', 'group', '887b4ace-3f5a-555b-b257-7b4990d525d3', 'Cơm trưa (Unnamed: 5_level_0)', 69.0, 'VND', 'Cơm trưa', '2025-01-01', '6858ec18-26f4-5391-8911-ba222d0963fb', '6858ec18-26f4-5391-8911-ba222d0963fb');
INSERT INTO public.expense_splits (id, expense_id, user_id, split_method, split_value, computed_amount) VALUES ('386f03d8-9261-46b5-9e86-4de8005bfd96', '1c14d39a-4209-4ddc-80d4-65affa66119b', '6858ec18-26f4-5391-8911-ba222d0963fb', 'exact', 69.0, 69.0);
INSERT INTO public.expenses (id, context_type, group_id, description, amount, currency, category, expense_date, paid_by_user_id, created_by) VALUES ('68644665-8c5d-45ee-af43-119632b588d3', 'group', '887b4ace-3f5a-555b-b257-7b4990d525d3', 'Ăn Chiều (Unnamed: 5_level_0)', 39.0, 'VND', 'Ăn Chiều', '2025-01-01', '6858ec18-26f4-5391-8911-ba222d0963fb', '6858ec18-26f4-5391-8911-ba222d0963fb');
INSERT INTO public.expense_splits (id, expense_id, user_id, split_method, split_value, computed_amount) VALUES ('52d56fb4-fa72-4bd8-99ac-59fd71903040', '68644665-8c5d-45ee-af43-119632b588d3', '6c5a61c6-7891-50a2-a37b-78ae38c39c02', 'exact', 39.0, 39.0);
INSERT INTO public.expenses (id, context_type, group_id, description, amount, currency, category, expense_date, paid_by_user_id, created_by) VALUES ('90d543c5-5cbc-4e5d-b131-f5406609782e', 'group', '887b4ace-3f5a-555b-b257-7b4990d525d3', 'Ăn Chiều (Unnamed: 5_level_0)', 39.0, 'VND', 'Ăn Chiều', '2025-01-01', '6858ec18-26f4-5391-8911-ba222d0963fb', '6858ec18-26f4-5391-8911-ba222d0963fb');
INSERT INTO public.expense_splits (id, expense_id, user_id, split_method, split_value, computed_amount) VALUES ('c3835400-aae7-47aa-bcf3-c9da9f4e2849', '90d543c5-5cbc-4e5d-b131-f5406609782e', '17360c26-b252-55ba-aa56-fa0ccda470cc', 'exact', 39.0, 39.0);
INSERT INTO public.expenses (id, context_type, group_id, description, amount, currency, category, expense_date, paid_by_user_id, created_by) VALUES ('c449de8a-277f-40df-95c2-76571488405b', 'group', '887b4ace-3f5a-555b-b257-7b4990d525d3', 'Ăn Chiều (Unnamed: 5_level_0)', 39.0, 'VND', 'Ăn Chiều', '2025-01-01', '6858ec18-26f4-5391-8911-ba222d0963fb', '6858ec18-26f4-5391-8911-ba222d0963fb');
INSERT INTO public.expense_splits (id, expense_id, user_id, split_method, split_value, computed_amount) VALUES ('757ecc71-a750-404a-8e65-b1f3f247fe7c', 'c449de8a-277f-40df-95c2-76571488405b', '9fb98854-1059-5f09-bfc9-105061f2ae1e', 'exact', 39.0, 39.0);
INSERT INTO public.expenses (id, context_type, group_id, description, amount, currency, category, expense_date, paid_by_user_id, created_by) VALUES ('ee1ba774-7dea-492a-85b3-c542d639de4c', 'group', '887b4ace-3f5a-555b-b257-7b4990d525d3', 'Ăn Chiều (Unnamed: 5_level_0)', 49.5, 'VND', 'Ăn Chiều', '2025-01-01', '6858ec18-26f4-5391-8911-ba222d0963fb', '6858ec18-26f4-5391-8911-ba222d0963fb');
INSERT INTO public.expense_splits (id, expense_id, user_id, split_method, split_value, computed_amount) VALUES ('b824e67e-a715-460e-87bc-1035a0f49a51', 'ee1ba774-7dea-492a-85b3-c542d639de4c', 'ea515426-5b85-5aba-a7a0-ea47c72537a1', 'exact', 49.5, 49.5);
INSERT INTO public.expenses (id, context_type, group_id, description, amount, currency, category, expense_date, paid_by_user_id, created_by) VALUES ('9878a619-4676-41b5-9f63-3ad4740442b2', 'group', '887b4ace-3f5a-555b-b257-7b4990d525d3', 'Ăn Chiều (Unnamed: 5_level_0)', 49.5, 'VND', 'Ăn Chiều', '2025-01-01', '6858ec18-26f4-5391-8911-ba222d0963fb', '6858ec18-26f4-5391-8911-ba222d0963fb');
INSERT INTO public.expense_splits (id, expense_id, user_id, split_method, split_value, computed_amount) VALUES ('93327cc1-ce03-473b-918c-66e055e19b30', '9878a619-4676-41b5-9f63-3ad4740442b2', '6858ec18-26f4-5391-8911-ba222d0963fb', 'exact', 49.5, 49.5);
INSERT INTO public.expenses (id, context_type, group_id, description, amount, currency, category, expense_date, paid_by_user_id, created_by) VALUES ('86f1b847-f165-4691-b37b-32aa37e0a697', 'group', '887b4ace-3f5a-555b-b257-7b4990d525d3', 'Siêu thị (Unnamed: 11_level_0)', 33.0, 'VND', 'Siêu thị', '2025-01-01', '6858ec18-26f4-5391-8911-ba222d0963fb', '6858ec18-26f4-5391-8911-ba222d0963fb');
INSERT INTO public.expense_splits (id, expense_id, user_id, split_method, split_value, computed_amount) VALUES ('8e094ee3-03c1-4428-a03c-68d252198d52', '86f1b847-f165-4691-b37b-32aa37e0a697', '166614ae-eede-5b6a-ae13-bdb4b2601639', 'exact', 33.0, 33.0);
INSERT INTO public.expenses (id, context_type, group_id, description, amount, currency, category, expense_date, paid_by_user_id, created_by) VALUES ('0dce80bf-7fc6-405e-8f84-5f37496d76a3', 'group', '887b4ace-3f5a-555b-b257-7b4990d525d3', 'Cơm trưa (Unnamed: 12_level_0)', 45.0, 'VND', 'Cơm trưa', '2025-01-01', '6858ec18-26f4-5391-8911-ba222d0963fb', '6858ec18-26f4-5391-8911-ba222d0963fb');
INSERT INTO public.expense_splits (id, expense_id, user_id, split_method, split_value, computed_amount) VALUES ('32dfd95f-d5d6-4943-8d06-292bfc83ef4f', '0dce80bf-7fc6-405e-8f84-5f37496d76a3', '6f6fcf5b-d63a-5982-a325-d518ca136c51', 'exact', 45.0, 45.0);
INSERT INTO public.expenses (id, context_type, group_id, description, amount, currency, category, expense_date, paid_by_user_id, created_by) VALUES ('4d58bf00-5490-4b7a-aeac-32a92970df61', 'group', '887b4ace-3f5a-555b-b257-7b4990d525d3', 'Cơm trưa (Unnamed: 12_level_0)', 45.0, 'VND', 'Cơm trưa', '2025-01-01', '6858ec18-26f4-5391-8911-ba222d0963fb', '6858ec18-26f4-5391-8911-ba222d0963fb');
INSERT INTO public.expense_splits (id, expense_id, user_id, split_method, split_value, computed_amount) VALUES ('84f4f21d-5d9b-4e85-ad23-4946e6d55d88', '4d58bf00-5490-4b7a-aeac-32a92970df61', 'f23d423d-2af6-5bad-aed7-1cbe6f0c9221', 'exact', 45.0, 45.0);
INSERT INTO public.expenses (id, context_type, group_id, description, amount, currency, category, expense_date, paid_by_user_id, created_by) VALUES ('4cefb30f-0ccc-4ab0-98b4-8a4949923edc', 'group', '887b4ace-3f5a-555b-b257-7b4990d525d3', 'Cơm trưa (Unnamed: 12_level_0)', 45.0, 'VND', 'Cơm trưa', '2025-01-01', '6858ec18-26f4-5391-8911-ba222d0963fb', '6858ec18-26f4-5391-8911-ba222d0963fb');
INSERT INTO public.expense_splits (id, expense_id, user_id, split_method, split_value, computed_amount) VALUES ('5ef4d00d-bd68-488c-859f-97f39bd2ff72', '4cefb30f-0ccc-4ab0-98b4-8a4949923edc', '166614ae-eede-5b6a-ae13-bdb4b2601639', 'exact', 45.0, 45.0);
INSERT INTO public.expenses (id, context_type, group_id, description, amount, currency, category, expense_date, paid_by_user_id, created_by) VALUES ('191bfabc-8120-47a7-aa21-9323a15e0ebe', 'group', '887b4ace-3f5a-555b-b257-7b4990d525d3', 'Cơm trưa (Unnamed: 12_level_0)', 45.0, 'VND', 'Cơm trưa', '2025-01-01', '6858ec18-26f4-5391-8911-ba222d0963fb', '6858ec18-26f4-5391-8911-ba222d0963fb');
INSERT INTO public.expense_splits (id, expense_id, user_id, split_method, split_value, computed_amount) VALUES ('e61359e1-511a-467d-be85-58529fb281ec', '191bfabc-8120-47a7-aa21-9323a15e0ebe', '17360c26-b252-55ba-aa56-fa0ccda470cc', 'exact', 45.0, 45.0);
INSERT INTO public.expenses (id, context_type, group_id, description, amount, currency, category, expense_date, paid_by_user_id, created_by) VALUES ('28b5581a-42cd-4d0c-9ddf-226f03ec2a9e', 'group', '887b4ace-3f5a-555b-b257-7b4990d525d3', 'Cơm trưa (Unnamed: 12_level_0)', 45.0, 'VND', 'Cơm trưa', '2025-01-01', '6858ec18-26f4-5391-8911-ba222d0963fb', '6858ec18-26f4-5391-8911-ba222d0963fb');
INSERT INTO public.expense_splits (id, expense_id, user_id, split_method, split_value, computed_amount) VALUES ('d471bb05-999c-4a2e-b09c-fd57015e6b8f', '28b5581a-42cd-4d0c-9ddf-226f03ec2a9e', '9fb98854-1059-5f09-bfc9-105061f2ae1e', 'exact', 45.0, 45.0);
INSERT INTO public.expenses (id, context_type, group_id, description, amount, currency, category, expense_date, paid_by_user_id, created_by) VALUES ('51187742-c31e-4c4a-9651-9ace71711628', 'group', '887b4ace-3f5a-555b-b257-7b4990d525d3', 'Cơm trưa (Unnamed: 12_level_0)', 45.0, 'VND', 'Cơm trưa', '2025-01-01', '6858ec18-26f4-5391-8911-ba222d0963fb', '6858ec18-26f4-5391-8911-ba222d0963fb');
INSERT INTO public.expense_splits (id, expense_id, user_id, split_method, split_value, computed_amount) VALUES ('90633102-7684-42bd-abc4-609b3ecd0b54', '51187742-c31e-4c4a-9651-9ace71711628', '5285e675-b5a8-5b1c-b1d4-e69d3182f337', 'exact', 45.0, 45.0);
INSERT INTO public.expenses (id, context_type, group_id, description, amount, currency, category, expense_date, paid_by_user_id, created_by) VALUES ('089aa435-2560-4b60-9249-5539a20c8bcb', 'group', '887b4ace-3f5a-555b-b257-7b4990d525d3', 'Cơm trưa (Unnamed: 12_level_0)', 45.0, 'VND', 'Cơm trưa', '2025-01-01', '6858ec18-26f4-5391-8911-ba222d0963fb', '6858ec18-26f4-5391-8911-ba222d0963fb');
INSERT INTO public.expense_splits (id, expense_id, user_id, split_method, split_value, computed_amount) VALUES ('5961ed69-398b-4126-b43d-08179854d6a3', '089aa435-2560-4b60-9249-5539a20c8bcb', 'ea515426-5b85-5aba-a7a0-ea47c72537a1', 'exact', 45.0, 45.0);
INSERT INTO public.expenses (id, context_type, group_id, description, amount, currency, category, expense_date, paid_by_user_id, created_by) VALUES ('5adad6d0-20fe-45e3-98a2-cfe06b010a40', 'group', '887b4ace-3f5a-555b-b257-7b4990d525d3', 'Cơm trưa (Unnamed: 11_level_0)', 39.0, 'VND', 'Cơm trưa', '2025-01-01', '6858ec18-26f4-5391-8911-ba222d0963fb', '6858ec18-26f4-5391-8911-ba222d0963fb');
INSERT INTO public.expense_splits (id, expense_id, user_id, split_method, split_value, computed_amount) VALUES ('67e03dac-eb81-48df-af98-afe6aeb4437c', '5adad6d0-20fe-45e3-98a2-cfe06b010a40', '166614ae-eede-5b6a-ae13-bdb4b2601639', 'exact', 39.0, 39.0);
INSERT INTO public.expenses (id, context_type, group_id, description, amount, currency, category, expense_date, paid_by_user_id, created_by) VALUES ('7074b532-df7f-4ad1-8a24-7553038ca63b', 'group', '887b4ace-3f5a-555b-b257-7b4990d525d3', 'Cơm trưa (Unnamed: 11_level_0)', 55.0, 'VND', 'Cơm trưa', '2025-01-01', '6858ec18-26f4-5391-8911-ba222d0963fb', '6858ec18-26f4-5391-8911-ba222d0963fb');
INSERT INTO public.expense_splits (id, expense_id, user_id, split_method, split_value, computed_amount) VALUES ('9eb90a44-80ef-4a10-988a-e419e732624f', '7074b532-df7f-4ad1-8a24-7553038ca63b', 'ea515426-5b85-5aba-a7a0-ea47c72537a1', 'exact', 55.0, 55.0);
INSERT INTO public.expenses (id, context_type, group_id, description, amount, currency, category, expense_date, paid_by_user_id, created_by) VALUES ('c94b1231-6638-40c1-89a0-b7082f585ce9', 'group', '887b4ace-3f5a-555b-b257-7b4990d525d3', 'Cơm trưa (Unnamed: 17_level_0)', 38.5, 'VND', 'Cơm trưa', '2025-01-01', '6858ec18-26f4-5391-8911-ba222d0963fb', '6858ec18-26f4-5391-8911-ba222d0963fb');
INSERT INTO public.expense_splits (id, expense_id, user_id, split_method, split_value, computed_amount) VALUES ('32feb5d3-690f-4cf2-b201-ce13687a2509', 'c94b1231-6638-40c1-89a0-b7082f585ce9', '17360c26-b252-55ba-aa56-fa0ccda470cc', 'exact', 38.5, 38.5);
INSERT INTO public.expenses (id, context_type, group_id, description, amount, currency, category, expense_date, paid_by_user_id, created_by) VALUES ('b0f5a26b-fab4-4ad6-93ed-083066015523', 'group', '887b4ace-3f5a-555b-b257-7b4990d525d3', 'Cơm trưa (Unnamed: 17_level_0)', 38.5, 'VND', 'Cơm trưa', '2025-01-01', '6858ec18-26f4-5391-8911-ba222d0963fb', '6858ec18-26f4-5391-8911-ba222d0963fb');
INSERT INTO public.expense_splits (id, expense_id, user_id, split_method, split_value, computed_amount) VALUES ('3846bfc2-09e5-4687-8c38-216531ffa2f0', 'b0f5a26b-fab4-4ad6-93ed-083066015523', '9fb98854-1059-5f09-bfc9-105061f2ae1e', 'exact', 38.5, 38.5);
INSERT INTO public.expenses (id, context_type, group_id, description, amount, currency, category, expense_date, paid_by_user_id, created_by) VALUES ('3431648a-050f-4326-a28d-283f4bc8bd98', 'group', '887b4ace-3f5a-555b-b257-7b4990d525d3', 'Cơm trưa (Unnamed: 17_level_0)', 38.5, 'VND', 'Cơm trưa', '2025-01-01', '6858ec18-26f4-5391-8911-ba222d0963fb', '6858ec18-26f4-5391-8911-ba222d0963fb');
INSERT INTO public.expense_splits (id, expense_id, user_id, split_method, split_value, computed_amount) VALUES ('b12cfe96-ac09-436c-87be-b1b398554507', '3431648a-050f-4326-a28d-283f4bc8bd98', '576b380d-af43-5590-93c2-6fbbdf9f51bd', 'exact', 38.5, 38.5);
INSERT INTO public.expenses (id, context_type, group_id, description, amount, currency, category, expense_date, paid_by_user_id, created_by) VALUES ('ef9cb21d-dffc-42cf-9a05-8212145e0b66', 'group', '887b4ace-3f5a-555b-b257-7b4990d525d3', 'Cơm trưa (Unnamed: 17_level_0)', 38.5, 'VND', 'Cơm trưa', '2025-01-01', '6858ec18-26f4-5391-8911-ba222d0963fb', '6858ec18-26f4-5391-8911-ba222d0963fb');
INSERT INTO public.expense_splits (id, expense_id, user_id, split_method, split_value, computed_amount) VALUES ('29ed5733-cafe-491f-9074-f2937796d404', 'ef9cb21d-dffc-42cf-9a05-8212145e0b66', '6858ec18-26f4-5391-8911-ba222d0963fb', 'exact', 38.5, 38.5);
INSERT INTO public.expenses (id, context_type, group_id, description, amount, currency, category, expense_date, paid_by_user_id, created_by) VALUES ('46781ebc-1d22-4a4c-885d-79b57e88b2eb', 'group', '887b4ace-3f5a-555b-b257-7b4990d525d3', 'Tổng tiền (Unnamed: 19_level_0)', 39.0, 'VND', 'Tổng tiền', '2025-01-01', '6858ec18-26f4-5391-8911-ba222d0963fb', '6858ec18-26f4-5391-8911-ba222d0963fb');
INSERT INTO public.expense_splits (id, expense_id, user_id, split_method, split_value, computed_amount) VALUES ('eb91c48c-7b81-47c6-b502-7d4e6e0c8686', '46781ebc-1d22-4a4c-885d-79b57e88b2eb', '166614ae-eede-5b6a-ae13-bdb4b2601639', 'exact', 39.0, 39.0);
INSERT INTO public.expenses (id, context_type, group_id, description, amount, currency, category, expense_date, paid_by_user_id, created_by) VALUES ('487b7c02-8ed8-4038-8771-c7418c3cea0f', 'group', '887b4ace-3f5a-555b-b257-7b4990d525d3', 'Cà phê (15/07)', 45.0, 'VND', 'Cà phê', '2025-07-15', '6858ec18-26f4-5391-8911-ba222d0963fb', '6858ec18-26f4-5391-8911-ba222d0963fb');
INSERT INTO public.expense_splits (id, expense_id, user_id, split_method, split_value, computed_amount) VALUES ('3acd283e-7ccf-4df6-add0-ee144e29dfa3', '487b7c02-8ed8-4038-8771-c7418c3cea0f', '166614ae-eede-5b6a-ae13-bdb4b2601639', 'exact', 45.0, 45.0);
INSERT INTO public.expenses (id, context_type, group_id, description, amount, currency, category, expense_date, paid_by_user_id, created_by) VALUES ('4142264f-f3c2-4648-968a-ae9dd737e5d5', 'group', '887b4ace-3f5a-555b-b257-7b4990d525d3', 'Cà phê (15/07)', 55.0, 'VND', 'Cà phê', '2025-07-15', '6858ec18-26f4-5391-8911-ba222d0963fb', '6858ec18-26f4-5391-8911-ba222d0963fb');
INSERT INTO public.expense_splits (id, expense_id, user_id, split_method, split_value, computed_amount) VALUES ('e9fb949c-7d1d-47a0-b4ba-6899c64a71fb', '4142264f-f3c2-4648-968a-ae9dd737e5d5', 'ea515426-5b85-5aba-a7a0-ea47c72537a1', 'exact', 55.0, 55.0);
INSERT INTO public.expenses (id, context_type, group_id, description, amount, currency, category, expense_date, paid_by_user_id, created_by) VALUES ('17c8ca71-edbd-43ea-8be1-0c42be864adb', 'group', '887b4ace-3f5a-555b-b257-7b4990d525d3', 'Cà phê (15/07)', 55.0, 'VND', 'Cà phê', '2025-07-15', '6858ec18-26f4-5391-8911-ba222d0963fb', '6858ec18-26f4-5391-8911-ba222d0963fb');
INSERT INTO public.expense_splits (id, expense_id, user_id, split_method, split_value, computed_amount) VALUES ('79a30264-b8b4-45ad-94f7-1b8bcece6b52', '17c8ca71-edbd-43ea-8be1-0c42be864adb', 'f23d423d-2af6-5bad-aed7-1cbe6f0c9221', 'exact', 55.0, 55.0);
INSERT INTO public.expenses (id, context_type, group_id, description, amount, currency, category, expense_date, paid_by_user_id, created_by) VALUES ('11e93481-fb68-423d-bfa5-8c68f45399bc', 'group', '887b4ace-3f5a-555b-b257-7b4990d525d3', 'Cà phê (15/07)', 50.0, 'VND', 'Cà phê', '2025-07-15', '6858ec18-26f4-5391-8911-ba222d0963fb', '6858ec18-26f4-5391-8911-ba222d0963fb');
INSERT INTO public.expense_splits (id, expense_id, user_id, split_method, split_value, computed_amount) VALUES ('aa493db7-28c9-4d9b-9f26-b72b08f83021', '11e93481-fb68-423d-bfa5-8c68f45399bc', 'cdb403b7-6116-5055-9b54-eb2a2dcada12', 'exact', 50.0, 50.0);
INSERT INTO public.expenses (id, context_type, group_id, description, amount, currency, category, expense_date, paid_by_user_id, created_by) VALUES ('4f020878-86b0-4e09-9ed8-6eb934e698b0', 'group', '887b4ace-3f5a-555b-b257-7b4990d525d3', 'Cà phê (15/07)', 55.0, 'VND', 'Cà phê', '2025-07-15', '6858ec18-26f4-5391-8911-ba222d0963fb', '6858ec18-26f4-5391-8911-ba222d0963fb');
INSERT INTO public.expense_splits (id, expense_id, user_id, split_method, split_value, computed_amount) VALUES ('f1898d58-d255-428e-bf28-8af16b07563d', '4f020878-86b0-4e09-9ed8-6eb934e698b0', '6858ec18-26f4-5391-8911-ba222d0963fb', 'exact', 55.0, 55.0);
INSERT INTO public.expenses (id, context_type, group_id, description, amount, currency, category, expense_date, paid_by_user_id, created_by) VALUES ('b6af2909-bbd8-4d8a-8e24-7b45c100cb1c', 'group', '887b4ace-3f5a-555b-b257-7b4990d525d3', 'Cơm trưa (Unnamed: 5_level_0)', 127.5, 'VND', 'Cơm trưa', '2025-01-01', '6858ec18-26f4-5391-8911-ba222d0963fb', '6858ec18-26f4-5391-8911-ba222d0963fb');
INSERT INTO public.expense_splits (id, expense_id, user_id, split_method, split_value, computed_amount) VALUES ('3c566a60-dfc4-47e1-abc3-cc942cf78215', 'b6af2909-bbd8-4d8a-8e24-7b45c100cb1c', '166614ae-eede-5b6a-ae13-bdb4b2601639', 'exact', 127.5, 127.5);
INSERT INTO public.expenses (id, context_type, group_id, description, amount, currency, category, expense_date, paid_by_user_id, created_by) VALUES ('1828de68-017c-4337-b725-4122b094845f', 'group', '887b4ace-3f5a-555b-b257-7b4990d525d3', 'Cơm trưa (Unnamed: 5_level_0)', 127.5, 'VND', 'Cơm trưa', '2025-01-01', '6858ec18-26f4-5391-8911-ba222d0963fb', '6858ec18-26f4-5391-8911-ba222d0963fb');
INSERT INTO public.expense_splits (id, expense_id, user_id, split_method, split_value, computed_amount) VALUES ('97957e9b-5420-4b86-b1a9-2aedc12bace9', '1828de68-017c-4337-b725-4122b094845f', 'ea515426-5b85-5aba-a7a0-ea47c72537a1', 'exact', 127.5, 127.5);
INSERT INTO public.expenses (id, context_type, group_id, description, amount, currency, category, expense_date, paid_by_user_id, created_by) VALUES ('73f10ab5-3394-46f5-92d6-0dd56e41a606', 'group', '887b4ace-3f5a-555b-b257-7b4990d525d3', 'Cơm trưa (Unnamed: 5_level_0)', 127.5, 'VND', 'Cơm trưa', '2025-01-01', '6858ec18-26f4-5391-8911-ba222d0963fb', '6858ec18-26f4-5391-8911-ba222d0963fb');
INSERT INTO public.expense_splits (id, expense_id, user_id, split_method, split_value, computed_amount) VALUES ('daa2a166-be42-4a17-9269-e300f5a8fd3c', '73f10ab5-3394-46f5-92d6-0dd56e41a606', '6858ec18-26f4-5391-8911-ba222d0963fb', 'exact', 127.5, 127.5);
INSERT INTO public.expenses (id, context_type, group_id, description, amount, currency, category, expense_date, paid_by_user_id, created_by) VALUES ('f1486cbb-2237-4505-9e6f-31f8eff62c67', 'group', '887b4ace-3f5a-555b-b257-7b4990d525d3', 'Cơm trưa (Unnamed: 8_level_0)', 174.0, 'VND', 'Cơm trưa', '2025-01-01', '6858ec18-26f4-5391-8911-ba222d0963fb', '6858ec18-26f4-5391-8911-ba222d0963fb');
INSERT INTO public.expense_splits (id, expense_id, user_id, split_method, split_value, computed_amount) VALUES ('a05a1dd8-e47d-430b-9c66-cf17dee98dca', 'f1486cbb-2237-4505-9e6f-31f8eff62c67', '166614ae-eede-5b6a-ae13-bdb4b2601639', 'exact', 174.0, 174.0);


COMMIT;
